id,tournament_id,blue_team_id,red_team_id,format,match_date,started,finished,schema_version
2755241,,375,47472,best-of-5,2025-02-23T10:27:00Z,True,True,3.39
2820996,,52747,47558,best-of-3,2025-08-14T08:00:04.926Z,True,True,3.47
2616404,,47961,3483,best-of-3,2024-02-14T10:31:00Z,True,True,3.2
2634826,,353,47376,best-of-3,2024-02-12T18:01:00Z,True,True,3.2
2820979,,3483,48179,best-of-3,2025-08-01T10:17:42.364Z,True,True,3.47
2783961,,52573,3389,best-of-1,2025-04-13T17:53:00Z,True,True,3.43
2796149,,54284,48070,best-of-3,2025-05-17T18:00:11.681Z,True,True,3.44
2682792,,52817,47961,best-of-3,2024-08-01T08:00:00Z,True,True,3.11
2780971,,52726,368,best-of-1,2025-03-27T11:10:00Z,True,True,3.43
2755216,,47509,356,best-of-5,2025-01-17T09:23:00Z,True,True,3.30
2788229,,52822,47472,best-of-3,2025-04-30T11:25:00Z,True,True,3.43
2671094,,353,47376,best-of-1,2024-06-16T17:31:00Z,True,True,3.6
2825385,,52910,375,best-of-3,2025-08-23T09:00:00Z,True,True,3.47
2682815,,52747,47558,best-of-3,2024-08-16T11:58:00Z,True,True,3.12
2616453,,48179,47558,best-of-3,2024-03-17T09:47:00Z,True,True,3.4
2689920,,47363,340,best-of-5,2024-08-31T20:00:00Z,True,True,3.16
2811009,,47472,47514,best-of-5,2025-06-04T09:07:00Z,True,True,3.45
2783609,,52416,54198,best-of-1,2025-04-06T00:03:00Z,True,True,3.43
2825043,,47497,54198,best-of-5,2025-08-24T20:00:22.790Z,True,True,3.47
2781264,,353,106,best-of-3,2025-04-21T15:01:00Z,True,True,3.43
2782448,,3483,47494,best-of-3,2025-05-02T07:59:00Z,True,True,3.43
2821000,,407,52747,best-of-3,2025-08-16T06:00:05.172Z,True,True,3.47
2616445,,48179,47494,best-of-3,2024-03-13T11:20:00Z,True,True,3.3
2682803,,4035,48179,best-of-3,2024-08-08T10:30:00Z,True,True,3.11
2825393,,52796,52822,best-of-3,2025-08-27T09:04:00Z,True,True,3.47
2671082,,52661,47380,best-of-1,2024-06-10T16:55:00Z,True,True,3.5
2825110,,47757,52573,best-of-5,2025-08-29T16:07:40.492Z,True,True,3.47
2765823,,52661,47370,best-of-3,2025-02-22T17:01:00Z,True,True,3.39
2821016,,52817,48179,best-of-3,2025-08-28T07:59:35.312Z,True,True,3.47
2781272,,53165,106,best-of-3,2025-05-03T17:04:00Z,True,True,3.43
2762574,,47960,3389,best-of-3,2025-01-25T16:10:00Z,True,True,3.35
2644374,,53168,52661,best-of-1,2024-03-17T16:04:00Z,True,True,3.4
2820980,,406,47494,best-of-3,2025-08-02T06:00:47.364Z,True,True,3.47
2810966,,47619,53165,best-of-5,2025-06-07T15:03:00Z,True,True,3.45
2788268,,52910,20483,best-of-3,2025-05-18T12:12:00Z,True,True,3.44
2616412,,4035,47494,best-of-3,2024-02-18T06:00:00Z,True,True,3.2
2682784,,52817,4035,best-of-3,2024-07-26T08:00:00Z,True,True,3.11
2706009,,47922,47319,best-of-3,2024-07-22T09:10:00Z,True,True,3.11
2616384,,52817,47558,best-of-3,2024-01-25T10:30:00Z,True,True,3.2
2780967,,52910,52822,best-of-1,2025-03-26T13:19:00Z,True,True,3.43
2782409,,52817,4035,best-of-3,2025-04-05T06:01:43.745Z,True,True,3.43
2788213,,52910,52822,best-of-3,2025-04-24T09:18:00Z,True,True,3.43
2671104,,353,47619,best-of-1,2024-06-23T17:45:00Z,True,True,3.7
2616469,,48179,47494,best-of-5,2024-04-07T06:04:00Z,True,True,3.4
2618861,,52541,53073,best-of-1,2024-02-03T23:38:00Z,True,True,3.2
2825350,,52726,3113,best-of-3,2025-08-08T09:22:00Z,True,True,3.47
2825079,,47960,48173,best-of-3,2025-07-27T17:37:35.364Z,True,True,3.47
2754344,,3483,48179,best-of-3,2025-01-18T05:58:00Z,True,True,3.30
2851768,,47509,52796,best-of-5,2025-09-11T09:05:00Z,True,True,3.47
2782472,,3483,406,best-of-3,2025-05-18T05:59:00Z,True,True,3.44
2687007,,47922,52726,best-of-3,2024-06-16T09:10:00Z,True,True,3.6
2852001,,375,52822,best-of-5,2025-09-10T09:05:00Z,True,True,3.47
2825096,,54284,47960,best-of-3,2025-08-09T17:36:18.172Z,True,True,3.47
2618420,,53165,47376,best-of-1,2024-01-13T18:10:00Z,True,True,3.1
2686991,,52606,52796,best-of-3,2024-06-07T09:12:00Z,True,True,3.5
2788244,,20483,356,best-of-3,2025-05-07T11:37:00Z,True,True,3.43
2644358,,47435,106,best-of-1,2024-03-10T16:57:00Z,True,True,3.3
2682747,,47558,52817,best-of-3,2024-06-23T06:00:00Z,True,True,3.7
2782425,,4035,47558,best-of-3,2025-04-16T11:06:00Z,True,True,3.43
2788182,,47514,20483,best-of-3,2025-04-11T09:19:00Z,True,True,3.43
2809511,,52905,47514,best-of-5,2025-05-25T09:06:00Z,True,True,3.44
2663302,,47376,47435,best-of-3,2024-04-06T15:01:00Z,True,True,3.4
2706025,,47472,52910,best-of-3,2024-07-28T07:12:00Z,True,True,3.11
2788252,,368,3113,best-of-3,2025-05-11T07:17:00Z,True,True,3.44
2686987,,52910,368,best-of-3,2024-06-05T09:12:00Z,True,True,3.5
2618436,,52661,47376,best-of-1,2024-01-20T18:55:00Z,True,True,3.1
2616428,,4035,406,best-of-3,2024-03-01T06:07:00Z,True,True,3.2
2754539,,47960,3389,best-of-1,2025-02-09T22:03:00Z,True,True,3.38
2632462,,47380,52661,best-of-5,2024-02-11T16:01:00Z,True,True,3.2
2825311,,52905,368,best-of-3,2025-07-22T09:08:00Z,True,True,3.47
2825038,,47363,47351,best-of-3,2025-08-10T20:00:17.927Z,True,True,3.47
2788194,,47472,52905,best-of-3,2025-04-15T11:40:00Z,True,True,3.43
2782433,,3483,407,best-of-3,2025-04-20T09:18:00Z,True,True,3.43
2856453,,375,47472,best-of-5,2025-09-25T09:07:00Z,True,True,3.47
2847242,,4035,48179,best-of-5,2025-09-04T08:00:28.918Z,True,True,3.47
2706033,,375,52796,best-of-3,2024-07-31T11:12:00Z,True,True,3.11
2833787,,53168,52661,best-of-5,2025-09-06T15:03:42.304Z,True,True,3.47
2618461,,53168,106,best-of-1,2024-01-29T16:01:00Z,True,True,3.2
2671112,,47619,106,best-of-1,2024-06-30T15:55:00Z,True,True,3.8
2788205,,52905,47514,best-of-3,2025-04-20T12:25:00Z,True,True,3.43
2705977,,3113,52910,best-of-3,2024-07-21T09:11:00Z,True,True,3.11
2833768,,47370,53168,best-of-3,2025-08-04T16:44:25.797Z,True,True,3.47
2825346,,20483,47472,best-of-3,2025-08-06T12:13:00Z,True,True,3.47
2618877,,53073,52572,best-of-1,2024-03-02T21:04:00Z,True,True,3.2
2782464,,4035,52747,best-of-3,2025-05-14T07:58:00Z,True,True,3.44
2781248,,47435,47380,best-of-3,2025-04-05T15:54:00Z,True,True,3.43
2754352,,47961,4035,best-of-3,2025-01-24T07:59:00Z,True,True,3.35
2748721,,47370,53165,best-of-1,2025-02-01T20:40:00Z,True,True,3.38
2765819,,47370,53165,best-of-3,2025-02-16T18:59:00Z,True,True,3.38
2726981,,52822,52796,best-of-5,2024-09-02T08:21:00Z,True,True,3.16
2687011,,47319,368,best-of-3,2024-06-18T09:10:00Z,True,True,3.6
2847262,,4035,48179,best-of-5,2025-09-17T08:05:03.492Z,True,True,3.47
2706013,,369,3113,best-of-3,2024-07-24T09:09:00Z,True,True,3.16
2796145,,47389,48070,best-of-3,2025-05-11T15:03:44.824Z,True,True,3.44
2616371,,47961,52747,best-of-3,2024-01-17T08:15:00Z,True,True,3.1
2782413,,406,3483,best-of-3,2025-04-09T08:07:32.336Z,True,True,3.43
2682771,,3483,406,best-of-3,2024-07-17T10:30:00Z,True,True,3.11
2788272,,375,356,best-of-3,2025-05-20T11:47:00Z,True,True,3.44
2820975,,407,47494,best-of-3,2025-07-30T11:42:12.364Z,True,True,3.47
2644381,,52661,47435,best-of-1,2024-03-18T16:05:00Z,True,True,3.4
2616408,,52747,407,best-of-3,2024-02-16T07:59:00Z,True,True,3.2
2811005,,52910,20483,best-of-5,2025-06-01T06:07:00Z,True,True,3.44
2689886,,340,52541,best-of-3,2024-06-23T20:03:00Z,True,True,3.7
2687031,,52910,47319,best-of-3,2024-06-27T09:11:00Z,True,True,3.16
2782444,,48179,52747,best-of-3,2025-04-30T08:00:00Z,True,True,3.43
2781268,,47619,53168,best-of-3,2025-04-27T16:37:00Z,True,True,3.43
2754372,,406,47558,best-of-5,2025-02-16T05:59:00Z,True,True,3.38
2724420,,47380,52661,best-of-5,2024-08-23T15:02:00Z,True,True,3.14
2705957,,20483,52796,best-of-3,2024-07-14T09:10:00Z,True,True,3.17
2671077,,53165,47619,best-of-1,2024-06-09T16:57:00Z,True,True,3.5
2825366,,47472,20483,best-of-3,2025-08-15T09:12:00Z,True,True,3.47
2618857,,47497,340,best-of-1,2024-02-02T23:50:00Z,True,True,3.2
2682819,,406,47558,best-of-3,2024-08-18T08:52:00Z,True,True,3.12
2825389,,3113,368,best-of-3,2025-08-25T09:06:00Z,True,True,3.47
2618441,,47619,106,best-of-1,2024-01-22T17:46:00Z,True,True,3.1
2671098,,47370,53168,best-of-1,2024-06-22T16:37:00Z,True,True,3.7
2788225,,47509,368,best-of-3,2025-04-29T09:18:00Z,True,True,3.43
2687027,,3113,47472,best-of-3,2024-06-25T09:11:00Z,True,True,3.7
2811013,,52910,375,best-of-5,2025-06-08T09:07:00Z,True,True,3.45
2689890,,52572,52541,best-of-3,2024-06-27T20:02:00Z,True,True,3.8
2629023,,47370,52661,best-of-3,2024-02-05T16:01:00Z,True,True,3.2
2748717,,353,52661,best-of-1,2025-02-01T17:03:00Z,True,True,3.38
2783613,,54198,47499,best-of-1,2025-04-06T23:17:00Z,True,True,3.43
2782452,,407,47494,best-of-3,2025-05-04T06:00:00Z,True,True,3.43
2682730,,52747,4035,best-of-3,2024-06-12T11:46:00Z,True,True,3.6
2618841,,47363,53073,best-of-1,2024-01-21T20:07:00Z,True,True,3.1
2825370,,375,47472,best-of-3,2025-08-16T12:58:00Z,True,True,3.47
2705042,,47619,53165,best-of-3,2024-07-21T17:39:00Z,True,True,3.11
2788233,,52822,356,best-of-3,2025-05-02T12:03:00Z,True,True,3.43
2618457,,47376,47380,best-of-1,2024-01-28T18:21:00Z,True,True,3.2
2616449,,406,47494,best-of-3,2024-03-15T10:28:00Z,True,True,3.4
2780984,,375,369,best-of-1,2025-03-29T12:09:00Z,True,True,3.43
2796153,,48173,52573,best-of-5,2025-06-01T16:06:01.177Z,True,True,3.44
2682788,,47961,47494,best-of-3,2024-07-28T06:00:00Z,True,True,3.11
2682767,,52817,52747,best-of-3,2024-07-13T08:39:00Z,True,True,3.10
2782405,,52817,52747,best-of-3,2025-04-03T08:02:19.382Z,True,True,3.43
2644401,,47380,47370,best-of-1,2024-03-25T18:23:00Z,True,True,3.4
2616388,,52747,3483,best-of-3,2024-01-27T09:55:00Z,True,True,3.2
2644378,,47619,53165,best-of-1,2024-03-17T17:50:00Z,True,True,3.4
2825327,,368,3113,best-of-3,2025-07-29T09:06:00Z,True,True,3.47
2788264,,52905,47472,best-of-3,2025-05-16T11:18:00Z,True,True,3.44
2754348,,48179,4035,best-of-3,2025-01-22T07:57:00Z,True,True,3.32
2781252,,47435,47619,best-of-3,2025-04-07T17:14:00Z,True,True,3.43
2782491,,47961,407,best-of-3,2025-05-31T05:59:00Z,True,True,3.44
2689916,,47499,52541,best-of-5,2024-08-23T20:00:00Z,True,True,3.14
2616465,,407,48179,best-of-5,2024-03-31T06:01:00Z,True,True,3.4
2671108,,47380,47370,best-of-1,2024-06-29T16:51:00Z,True,True,3.8
2755220,,47509,52606,best-of-5,2025-01-21T09:15:00Z,True,True,3.38
2833772,,53168,47619,best-of-3,2025-08-09T16:51:00Z,True,True,3.47
2780947,,47472,52726,best-of-1,2025-03-23T12:02:00Z,True,True,3.43
2782429,,3483,48179,best-of-3,2025-04-18T11:13:00Z,True,True,3.43
2660037,,47376,53168,best-of-3,2024-03-30T18:43:00Z,True,True,3.4
2847258,,4035,407,best-of-5,2025-09-11T08:04:45.492Z,True,True,3.47
2706029,,47922,369,best-of-3,2024-07-29T11:21:00Z,True,True,3.11
2783957,,47757,52573,best-of-1,2025-04-12T17:53:00Z,True,True,3.43
2616432,,48179,407,best-of-3,2024-03-03T04:07:00Z,True,True,3.2
2644354,,52661,47380,best-of-1,2024-03-09T17:55:00Z,True,True,3.3
2796186,,54198,47499,best-of-3,2025-05-17T21:36:05.205Z,True,True,3.44
2788198,,52822,52905,best-of-3,2025-04-17T12:24:00Z,True,True,3.43
2759868,,106,53168,best-of-1,2025-01-19T17:56:00Z,True,True,3.30
2780951,,47319,3113,best-of-1,2025-03-24T10:16:00Z,True,True,3.43
2825034,,47351,47499,best-of-3,2025-08-03T20:01:21.172Z,True,True,3.47
2796169,,47497,340,best-of-3,2025-04-26T20:00:00Z,True,True,3.43
2788177,,369,368,best-of-3,2025-04-09T09:23:00Z,True,True,3.43
2754535,,52573,54284,best-of-3,2025-02-02T16:03:00Z,True,True,3.38
2616424,,3483,47558,best-of-3,2024-02-28T08:02:00Z,True,True,3.2
2721966,,52822,356,best-of-5,2024-08-30T08:22:00Z,True,True,3.16
2781244,,47376,353,best-of-3,2025-03-31T17:57:00Z,True,True,3.43
2782468,,4035,48179,best-of-3,2025-05-16T08:00:00Z,True,True,3.44
2821020,,47494,47558,best-of-3,2025-08-30T06:00:56.312Z,True,True,3.47
2689900,,47499,53073,best-of-3,2024-07-27T21:45:00Z,True,True,3.11
2782487,,47961,52817,best-of-3,2025-05-29T07:59:00Z,True,True,3.44
2796217,,53073,47363,best-of-5,2025-06-08T20:00:50.520Z,True,True,3.45
2788209,,52606,52910,best-of-3,2025-04-22T11:21:00Z,True,True,3.43
2618894,,47351,53073,best-of-1,2024-03-10T21:43:00Z,True,True,3.3
2638034,,47363,47351,best-of-5,2024-03-30T20:15:00Z,True,True,3.4
2833764,,47376,47435,best-of-3,2025-08-02T16:46:00Z,True,True,3.47
2755236,,52606,356,best-of-5,2025-02-14T09:16:00Z,True,True,3.38
2788208,,47319,368,best-of-3,2025-04-22T09:16:00Z,True,True,3.43
2638035,,340,47363,best-of-5,2024-03-31T20:09:00Z,True,True,3.4
2833765,,353,52661,best-of-3,2025-08-03T15:02:00Z,True,True,3.47
2755237,,47514,47472,best-of-5,2025-02-15T09:17:00Z,True,True,3.38
2782469,,3483,47558,best-of-3,2025-05-16T10:10:00Z,True,True,3.44
2821021,,48179,3483,best-of-3,2025-08-30T09:24:23.347Z,True,True,3.47
2782486,,47494,406,best-of-3,2025-05-28T11:03:00Z,True,True,3.44
2754534,,47757,3389,best-of-3,2025-02-02T19:03:00Z,True,True,3.38
2616425,,4035,47494,best-of-3,2024-02-28T10:35:00Z,True,True,3.2
2722648,,47380,53168,best-of-5,2024-08-18T15:02:00Z,True,True,3.12
2796187,,52416,47497,best-of-3,2025-05-18T21:47:39.264Z,True,True,3.44
2788199,,52905,52606,best-of-3,2025-04-18T09:21:00Z,True,True,3.45
2825035,,52416,53073,best-of-3,2025-08-03T21:46:55.172Z,True,True,3.47
2780950,,3113,20483,best-of-1,2025-03-24T09:16:00Z,True,True,3.43
2788176,,47472,20483,best-of-3,2025-04-08T11:21:00Z,True,True,3.43
2788249,,47509,47319,best-of-3,2025-05-10T07:19:00Z,True,True,3.44
2783956,,54284,48070,best-of-1,2025-04-12T16:59:00Z,True,True,3.43
2616433,,47961,406,best-of-3,2024-03-03T07:58:00Z,True,True,3.2
2644355,,53165,53168,best-of-1,2024-03-09T18:51:00Z,True,True,3.3
2780946,,52796,47472,best-of-1,2025-03-23T11:02:00Z,True,True,3.43
2782428,,47494,4035,best-of-3,2025-04-18T07:59:00Z,True,True,3.43
2660036,,353,47370,best-of-3,2024-03-30T16:03:00Z,True,True,3.4
2847259,,47494,406,best-of-5,2025-09-14T06:05:47.918Z,True,True,3.47
2706028,,47319,52606,best-of-3,2024-07-29T09:12:00Z,True,True,3.11
2618883,,52541,53073,best-of-1,2024-03-08T23:29:00Z,True,True,3.3
2616464,,406,3483,best-of-5,2024-03-30T06:04:00Z,True,True,3.4
2671109,,353,53165,best-of-1,2024-06-29T17:33:00Z,True,True,3.8
2755221,,52910,368,best-of-5,2025-01-22T09:21:00Z,True,True,3.47
2833773,,47376,52661,best-of-3,2025-08-10T15:10:00Z,True,True,3.47
2754349,,3483,47961,best-of-3,2025-01-22T10:53:00Z,True,True,3.32
2781253,,47435,52661,best-of-3,2025-04-12T12:01:00Z,True,True,3.43
2689917,,47497,47363,best-of-5,2024-08-24T20:00:00Z,True,True,3.14
2782490,,48179,3483,best-of-3,2025-05-30T10:11:00Z,True,True,3.44
2644379,,47435,353,best-of-1,2024-03-17T18:39:00Z,True,True,3.4
2825326,,52796,375,best-of-3,2025-07-28T11:07:00Z,True,True,3.47
2644396,,53165,47435,best-of-1,2024-03-23T19:37:00Z,True,True,3.4
2788265,,52822,375,best-of-3,2025-05-17T09:15:00Z,True,True,3.44
2780985,,47514,52905,best-of-1,2025-03-29T13:08:00Z,True,True,3.43
2796152,,47960,3389,best-of-5,2025-05-24T16:08:52.334Z,True,True,3.44
2682789,,407,52747,best-of-3,2024-07-28T08:40:00Z,True,True,3.11
2682766,,48179,47558,best-of-3,2024-07-13T06:01:00Z,True,True,3.10
2637987,,47619,52661,best-of-5,2024-02-17T16:02:00Z,True,True,3.2
2782404,,3483,47961,best-of-3,2025-04-02T10:11:00Z,True,True,3.43
2644400,,47376,47619,best-of-1,2024-03-25T17:42:00Z,True,True,3.4
2616389,,47961,52817,best-of-3,2024-01-28T06:00:00Z,True,True,3.2
2618840,,47499,52572,best-of-1,2024-01-20T23:27:00Z,True,True,3.1
2825371,,52822,20483,best-of-3,2025-08-17T09:04:00Z,True,True,3.47
2705043,,53168,47435,best-of-3,2024-07-21T15:02:00Z,True,True,3.11
2705940,,52726,52822,best-of-3,2024-07-10T11:11:00Z,True,True,3.10
2788232,,47319,369,best-of-3,2025-05-02T09:14:00Z,True,True,3.43
2618456,,53168,47619,best-of-1,2024-01-28T19:25:00Z,True,True,3.2
2616448,,47558,52747,best-of-3,2024-03-15T07:59:00Z,True,True,3.4
2687026,,47514,52796,best-of-3,2024-06-24T11:11:00Z,True,True,3.7
2689891,,47351,53073,best-of-3,2024-06-28T20:01:00Z,True,True,3.8
2811012,,52822,47472,best-of-5,2025-06-07T09:06:00Z,True,True,3.45
2781290,,53168,47380,best-of-3,2025-04-26T13:24:00Z,True,True,3.43
2783612,,52416,340,best-of-1,2025-04-06T22:06:00Z,True,True,3.43
2748716,,353,47619,best-of-1,2025-01-27T20:47:00Z,True,True,3.35
2782453,,52817,3483,best-of-3,2025-05-04T08:15:00Z,True,True,3.43
2682731,,407,3483,best-of-3,2024-06-13T08:03:00Z,True,True,3.6
2671076,,106,47370,best-of-1,2024-06-09T15:51:00Z,True,True,3.5
2825367,,52822,356,best-of-3,2025-08-15T11:10:00Z,True,True,3.47
2618856,,53073,47499,best-of-1,2024-02-02T23:02:00Z,True,True,3.2
2682818,,52817,52747,best-of-3,2024-08-18T06:00:00Z,True,True,3.12
2825388,,52796,20483,best-of-3,2025-08-24T11:16:00Z,True,True,3.47
2618440,,47435,53165,best-of-1,2024-01-22T19:34:00Z,True,True,3.1
2671099,,47380,53165,best-of-1,2024-06-22T17:32:00Z,True,True,3.7
2788224,,47514,356,best-of-3,2025-04-28T11:20:00Z,True,True,3.43
2689887,,53073,47363,best-of-3,2024-06-23T22:43:00Z,True,True,3.7
2811004,,47472,356,best-of-5,2025-05-31T10:12:00Z,True,True,3.44
2687030,,52726,369,best-of-3,2024-06-26T11:11:00Z,True,True,3.16
2782445,,4035,406,best-of-3,2025-04-30T11:12:00Z,True,True,3.43
2781269,,47435,353,best-of-3,2025-04-28T15:01:00Z,True,True,3.43
2754373,,48179,406,best-of-5,2025-02-19T07:59:00Z,True,True,3.39
2724421,,47619,47376,best-of-5,2024-08-24T15:02:00Z,True,True,3.14
2825330,,356,47472,best-of-3,2025-08-28T11:57:00Z,True,True,3.47
2788273,,20483,52796,best-of-3,2025-05-21T09:15:00Z,True,True,3.44
2820974,,47961,48179,best-of-3,2025-07-30T07:59:13.364Z,True,True,3.47
2644380,,47376,47380,best-of-1,2024-03-17T19:36:00Z,True,True,3.4
2616409,,3483,4035,best-of-3,2024-02-16T10:31:00Z,True,True,3.2
2847263,,47494,48179,best-of-5,2025-09-18T08:06:02.918Z,True,True,3.47
2706012,,52905,375,best-of-3,2024-07-23T11:10:00Z,True,True,3.11
2796144,,48173,47757,best-of-3,2025-05-10T17:35:49.976Z,True,True,3.44
2782412,,47494,47558,best-of-3,2025-04-06T08:23:31.382Z,True,True,3.43
2682770,,52817,48179,best-of-3,2024-07-17T08:00:00Z,True,True,3.11
2782465,,48179,47961,best-of-3,2025-05-14T10:51:00Z,True,True,3.44
2781249,,52661,353,best-of-3,2025-04-06T15:01:00Z,True,True,3.43
2754353,,47494,407,best-of-3,2025-01-24T11:05:00Z,True,True,3.35
2748720,,47435,47619,best-of-1,2025-02-01T19:40:00Z,True,True,3.38
2765818,,52661,47619,best-of-3,2025-02-16T17:01:00Z,True,True,3.38
2687010,,20483,52905,best-of-3,2024-06-17T11:11:00Z,True,True,3.16
2726980,,52796,52905,best-of-5,2024-09-01T08:51:00Z,True,True,3.16
2618460,,47370,47619,best-of-1,2024-01-29T19:56:00Z,True,True,3.2
2671113,,52661,47376,best-of-1,2024-06-30T16:58:00Z,True,True,3.8
2788204,,356,375,best-of-3,2025-04-20T09:18:00Z,True,True,3.43
2705976,,52796,356,best-of-3,2024-07-20T11:12:00Z,True,True,3.11
2618876,,52541,47363,best-of-1,2024-03-02T22:55:00Z,True,True,3.2
2825039,,52416,47499,best-of-3,2025-08-10T21:45:04.172Z,True,True,3.47
2759536,,47435,106,best-of-1,2025-01-18T17:06:00Z,True,True,3.35
2788195,,52726,368,best-of-3,2025-04-16T09:18:00Z,True,True,3.43
2782432,,47961,48179,best-of-3,2025-04-20T06:00:00Z,True,True,3.43
2682750,,406,47558,best-of-3,2024-06-26T10:30:00Z,True,True,3.8
2847243,,4035,52747,best-of-5,2025-09-05T08:00:39.918Z,True,True,3.47
2706032,,356,47514,best-of-3,2024-07-31T09:11:00Z,True,True,3.11
2788253,,52822,52606,best-of-3,2025-05-11T10:21:00Z,True,True,3.44
2618437,,47370,106,best-of-1,2024-01-20T16:02:00Z,True,True,3.1
2616429,,407,47558,best-of-3,2024-03-01T09:22:00Z,True,True,3.2
2754538,,3389,47389,best-of-3,2025-02-09T19:11:00Z,True,True,3.38
2825310,,52726,52905,best-of-3,2025-07-21T12:02:00Z,True,True,3.47
2682746,,4035,48179,best-of-3,2024-06-22T09:15:00Z,True,True,3.7
2782424,,47494,52747,best-of-3,2025-04-16T07:58:00Z,True,True,3.43
2788183,,47472,375,best-of-3,2025-04-11T12:53:00Z,True,True,3.43
2663303,,47370,47619,best-of-3,2024-04-06T17:31:00Z,True,True,3.4
2809510,,47509,47472,best-of-5,2025-05-24T09:05:00Z,True,True,3.44
2796172,,53073,47499,best-of-3,2025-04-27T21:47:00Z,True,True,3.43
2706024,,375,47514,best-of-3,2024-07-27T11:26:00Z,True,True,3.11
2618421,,47370,53168,best-of-1,2024-01-13T19:18:00Z,True,True,3.1
2686990,,356,47319,best-of-3,2024-06-06T12:35:00Z,True,True,3.17
2788245,,52606,47514,best-of-3,2025-05-08T09:19:00Z,True,True,3.44
2636123,,47619,47376,best-of-5,2024-02-16T16:02:00Z,True,True,3.2
2705937,,47319,369,best-of-3,2024-07-09T09:14:00Z,True,True,3.10
2644359,,47376,53165,best-of-1,2024-03-10T17:46:00Z,True,True,3.3
2825306,,52606,47509,best-of-3,2025-07-20T09:06:00Z,True,True,3.47
2618837,,47363,47497,best-of-1,2024-01-20T20:11:00Z,True,True,3.1
2825078,,52573,54284,best-of-3,2025-07-27T15:06:37.698Z,True,True,3.47
2754345,,47961,47494,best-of-3,2025-01-18T08:28:00Z,True,True,3.30
2782473,,47494,47558,best-of-3,2025-05-18T08:15:00Z,True,True,3.44
2726979,,52822,52726,best-of-5,2024-08-31T08:52:00Z,True,True,3.38
2687006,,52796,47514,best-of-3,2024-06-15T11:11:00Z,True,True,3.6
2825097,,48070,47757,best-of-3,2025-08-10T15:03:04.172Z,True,True,3.47
2788212,,375,52905,best-of-3,2025-04-23T11:18:00Z,True,True,3.47
2671105,,53165,47370,best-of-1,2024-06-23T18:34:00Z,True,True,3.7
2833790,,47380,53165,best-of-5,2025-09-07T15:01:08.304Z,True,True,3.47
2616468,,406,47558,best-of-5,2024-04-06T06:06:00Z,True,True,3.4
2618860,,52572,47497,best-of-1,2024-02-03T22:44:00Z,True,True,3.2
2825351,,47514,20483,best-of-3,2025-08-08T12:21:00Z,True,True,3.47
2705960,,368,356,best-of-3,2024-07-15T12:28:00Z,True,True,3.17
2682785,,47494,407,best-of-3,2024-07-26T10:30:00Z,True,True,3.11
2780966,,356,47509,best-of-1,2025-03-26T12:18:00Z,True,True,3.43
2616385,,407,47494,best-of-3,2024-01-26T08:00:00Z,True,True,3.2
2784476,,47497,53073,best-of-1,2025-04-21T22:27:00Z,True,True,3.43
2782408,,47961,47494,best-of-3,2025-04-04T11:15:33.745Z,True,True,3.43
2820981,,4035,47961,best-of-3,2025-08-02T08:28:28.364Z,True,True,3.47
2810967,,47619,47380,best-of-5,2025-06-08T15:06:00Z,True,True,3.45
2788269,,47514,52822,best-of-3,2025-05-19T09:13:00Z,True,True,3.44
2616413,,52817,52747,best-of-3,2024-02-18T08:30:00Z,True,True,3.2
2754502,,52416,47497,best-of-3,2025-01-26T21:07:00Z,True,True,3.35
2765822,,53168,47435,best-of-3,2025-02-22T20:00:00Z,True,True,3.39
2821017,,407,47558,best-of-3,2025-08-28T10:06:09.347Z,True,True,3.47
2754369,,407,52747,best-of-5,2025-02-12T08:04:00Z,True,True,3.38
2781273,,53168,52661,best-of-3,2025-05-04T15:01:00Z,True,True,3.43
2785119,,53168,47376,best-of-3,2025-03-29T13:58:00Z,True,True,3.43
2719596,,47472,368,best-of-5,2024-08-03T10:10:00Z,True,True,3.16
2682802,,406,52817,best-of-3,2024-08-08T08:00:00Z,True,True,3.11
2616444,,406,3483,best-of-3,2024-03-13T07:58:00Z,True,True,3.3
2825392,,375,47514,best-of-3,2025-08-26T10:53:00Z,True,True,3.47
2671083,,106,53165,best-of-1,2024-06-10T17:58:00Z,True,True,3.5
2796220,,47351,53073,best-of-5,2025-06-14T20:04:26.520Z,True,True,3.45
2689921,,47351,47497,best-of-5,2024-09-01T20:00:00Z,True,True,3.16
2811008,,52822,20483,best-of-5,2025-06-03T09:09:00Z,True,True,3.45
2825042,,52416,47499,best-of-5,2025-08-23T20:00:40.794Z,True,True,3.47
2783608,,47351,47497,best-of-1,2025-04-05T22:55:00Z,True,True,3.43
2781265,,47619,47370,best-of-3,2025-04-21T17:48:00Z,True,True,3.43
2782449,,52747,406,best-of-3,2025-05-02T10:06:00Z,True,True,3.43
2821001,,47961,4035,best-of-3,2025-08-16T08:59:45.172Z,True,True,3.47
2755217,,52910,375,best-of-5,2025-01-18T09:23:00Z,True,True,3.30
2788228,,52606,52796,best-of-3,2025-04-30T09:14:00Z,True,True,3.43
2671095,,53165,52661,best-of-1,2024-06-16T18:29:00Z,True,True,3.8
2825384,,52606,52726,best-of-3,2025-08-23T07:05:00Z,True,True,3.47
2616452,,52817,52747,best-of-3,2024-03-17T05:59:00Z,True,True,3.4
2682814,,47961,3483,best-of-3,2024-08-16T08:00:00Z,True,True,3.12
2796148,,47960,48173,best-of-3,2025-05-18T15:03:59.205Z,True,True,3.44
2682793,,4035,47558,best-of-3,2024-08-01T10:42:00Z,True,True,3.11
2761965,,375,20483,best-of-5,2025-01-24T09:31:00Z,True,True,3.42
2616393,,3483,48179,best-of-3,2024-01-31T08:00:00Z,True,True,3.2
2780970,,47472,52796,best-of-1,2025-03-27T10:10:00Z,True,True,3.43
2755240,,52822,356,best-of-5,2025-02-23T06:07:00Z,True,True,3.39
2820997,,47961,48179,best-of-3,2025-08-14T10:01:51.172Z,True,True,3.47
2644363,,106,52661,best-of-1,2024-03-11T16:02:00Z,True,True,3.3
2616405,,48179,47494,best-of-3,2024-02-15T08:00:00Z,True,True,3.2
2820978,,407,47558,best-of-3,2025-08-01T07:59:01.364Z,True,True,3.47
2783960,,48173,54284,best-of-1,2025-04-13T17:00:00Z,True,True,3.43
2616377,,4035,52817,best-of-3,2024-01-20T06:01:00Z,True,True,3.1
2847264,,407,406,best-of-5,2025-09-20T06:00:07.492Z,True,True,3.47
2682798,,407,52817,best-of-3,2024-08-04T06:00:00Z,True,True,3.11
2796143,,3389,54284,best-of-3,2025-05-10T15:03:28.824Z,True,True,3.44
2706015,,47922,52910,best-of-3,2024-07-25T07:20:00Z,True,True,3.20
2682777,,47558,48179,best-of-3,2024-07-20T08:31:00Z,True,True,3.11
2782415,,47961,4035,best-of-3,2025-04-10T07:58:00Z,True,True,3.43
2616398,,48179,406,best-of-3,2024-02-02T10:29:00Z,True,True,3.2
2781239,,106,47435,best-of-3,2025-03-29T15:28:00Z,True,True,3.43
2825337,,52726,3113,best-of-3,2025-08-02T09:11:00Z,True,True,3.47
2788274,,356,47472,best-of-3,2025-05-21T11:30:00Z,True,True,3.47
2820973,,52747,47494,best-of-3,2025-07-27T09:23:22.364Z,True,True,3.47
2644387,,53168,106,best-of-1,2024-03-22T16:02:00Z,True,True,3.4
2811003,,47514,375,best-of-5,2025-05-31T06:16:00Z,True,True,3.44
2689880,,47363,340,best-of-3,2024-06-15T20:04:00Z,True,True,3.6
2781281,,47435,53168,best-of-3,2025-05-12T15:01:00Z,True,True,3.44
2754374,,47558,52747,best-of-5,2025-02-20T07:59:00Z,True,True,3.39
2825049,,47497,340,best-of-5,2025-09-07T20:05:04.492Z,True,True,3.47
2748707,,53168,47435,best-of-1,2025-01-26T17:03:00Z,True,True,3.35
2782442,,52817,47494,best-of-3,2025-04-27T06:00:00Z,True,True,3.43
2825360,,52910,52822,best-of-3,2025-08-12T11:00:00Z,True,True,3.47
2705052,,47376,47380,best-of-5,2024-07-28T15:05:00Z,True,True,3.11
2618851,,52541,340,best-of-1,2024-01-28T21:52:00Z,True,True,3.2
2671071,,353,106,best-of-1,2024-06-08T16:09:00Z,True,True,3.8
2618447,,53165,47370,best-of-1,2024-01-21T19:41:00Z,True,True,3.1
2788223,,47319,52726,best-of-3,2025-04-28T09:13:00Z,True,True,3.43
2616459,,4035,52747,best-of-3,2024-03-22T10:31:00Z,True,True,3.4
2765829,,53165,47380,best-of-5,2025-03-02T17:07:00Z,True,True,3.39
2687021,,368,52910,best-of-3,2024-06-22T09:12:00Z,True,True,3.7
2811015,,52910,47472,best-of-5,2025-06-11T09:09:00Z,True,True,3.45
2689896,,340,52572,best-of-3,2024-07-20T22:28:00Z,True,True,3.11
2620654,,52796,375,best-of-5,2024-04-14T10:09:00Z,True,True,3.17
2682736,,48179,407,best-of-3,2024-06-15T09:27:00Z,True,True,3.11
2782454,,4035,52817,best-of-3,2025-05-07T07:58:00Z,True,True,3.43
2748711,,52661,47619,best-of-1,2025-01-26T20:35:00Z,True,True,3.35
2754362,,4035,52747,best-of-3,2025-02-02T05:59:00Z,True,True,3.38
2781278,,53165,47370,best-of-3,2025-05-10T18:16:00Z,True,True,3.44
2618847,,340,47363,best-of-1,2024-01-27T22:26:00Z,True,True,3.2
2825376,,20483,375,best-of-3,2025-08-19T11:10:00Z,True,True,3.47
2682809,,52817,47494,best-of-3,2024-08-11T09:49:00Z,True,True,3.11
2788235,,356,47514,best-of-3,2025-05-03T09:29:00Z,True,True,3.43
2618451,,47619,47376,best-of-1,2024-01-27T17:59:00Z,True,True,3.2
2671088,,47619,47370,best-of-1,2024-06-15T16:47:00Z,True,True,3.6
2796155,,48173,54284,best-of-5,2025-06-07T16:05:28.111Z,True,True,3.45
2780982,,52905,375,best-of-1,2025-03-29T10:00:00Z,True,True,3.43
2782403,,406,47558,best-of-3,2025-04-02T08:04:00Z,True,True,3.43
2682761,,52747,407,best-of-3,2024-07-10T11:10:00Z,True,True,3.10
2825321,,52796,52910,best-of-3,2025-07-26T13:17:00Z,True,True,3.47
2644391,,47370,53165,best-of-1,2024-03-22T19:17:00Z,True,True,3.4
2820965,,406,47558,best-of-3,2025-07-23T11:11:31.481Z,True,True,3.47
2788262,,52606,52910,best-of-3,2025-05-15T12:37:00Z,True,True,3.44
2616418,,52817,3483,best-of-3,2024-02-23T08:00:00Z,True,True,3.2
2754509,,340,47351,best-of-3,2025-02-03T00:08:00Z,True,True,3.38
2781254,,47380,106,best-of-3,2025-04-12T14:50:00Z,True,True,3.43
2782478,,47961,47558,best-of-3,2025-05-23T08:00:00Z,True,True,3.44
2782497,,52747,407,best-of-5,2025-06-08T06:01:15.111Z,True,True,3.45
2689910,,52541,47363,best-of-3,2024-08-10T20:00:00Z,True,True,3.11
2760187,,52661,106,best-of-1,2025-01-20T17:04:00Z,True,True,3.30
2788219,,52796,52606,best-of-3,2025-04-26T12:18:00Z,True,True,3.43
2616463,,3483,407,best-of-3,2024-03-24T08:45:00Z,True,True,3.4
2618884,,47363,340,best-of-1,2024-03-08T21:48:00Z,True,True,3.22
2833774,,53165,47619,best-of-3,2025-08-10T16:51:00Z,True,True,3.47
2755226,,20483,52796,best-of-5,2025-02-25T09:07:00Z,True,True,3.39
2788188,,52910,52905,best-of-3,2025-04-13T07:17:00Z,True,True,3.43
2784451,,54198,53073,best-of-1,2025-04-12T22:43:00Z,True,True,3.43
2780941,,52822,52910,best-of-1,2025-03-22T12:04:00Z,True,True,3.43
2663308,,47376,47380,best-of-5,2024-04-14T15:06:00Z,True,True,3.4
2788167,,47514,47472,best-of-3,2025-04-05T07:19:00Z,True,True,3.43
2796179,,47499,47497,best-of-3,2025-05-04T20:01:51.986Z,True,True,3.43
2616434,,47961,52817,best-of-3,2024-03-06T05:08:00Z,True,True,3.3
2783951,,48173,52573,best-of-1,2025-04-06T16:49:00Z,True,True,3.43
2644352,,47370,47435,best-of-1,2024-03-09T16:10:00Z,True,True,3.3
2780957,,47514,375,best-of-1,2025-03-25T09:08:00Z,True,True,3.43
2825032,,47497,340,best-of-3,2025-08-02T20:00:32.926Z,True,True,3.47
2782439,,47494,48179,best-of-3,2025-04-25T10:12:00Z,True,True,3.43
2796180,,47363,47351,best-of-3,2025-05-10T20:01:44.976Z,True,True,3.44
2788171,,52606,47514,best-of-3,2025-04-06T09:47:00Z,True,True,3.43
2849606,,375,52905,best-of-5,2025-09-08T11:17:00Z,True,True,3.47
2764756,,47363,54284,best-of-3,2025-02-16T21:00:00Z,True,True,3.38
2788258,,52796,47472,best-of-3,2025-05-13T12:19:00Z,True,True,3.44
2721960,,20483,375,best-of-5,2024-08-16T10:16:00Z,True,True,3.20
2783947,,47389,47757,best-of-1,2025-04-05T17:04:00Z,True,True,3.43
2754533,,48070,47389,best-of-3,2025-02-01T19:11:00Z,True,True,3.38
2759614,,53165,47380,best-of-1,2025-01-18T20:57:00Z,True,True,3.30
2704815,,47619,106,best-of-1,2024-06-30T19:37:00Z,True,True,3.8
2781242,,53165,47619,best-of-3,2025-03-30T16:48:00Z,True,True,3.43
2754358,,3483,407,best-of-3,2025-01-31T07:57:00Z,True,True,3.38
2825120,,340,48173,best-of-5,2025-09-20T20:04:35.858Z,True,True,3.47
2689906,,340,53073,best-of-3,2024-08-04T22:32:00Z,True,True,3.11
2782481,,3483,47494,best-of-3,2025-05-24T09:02:00Z,True,True,3.44
2796138,,47389,47960,best-of-3,2025-04-27T17:00:00Z,True,True,3.43
2618892,,52541,47497,best-of-1,2024-03-10T20:53:00Z,True,True,3.3
2796211,,47363,47351,best-of-5,2025-05-25T20:02:21.334Z,True,True,3.44
2765393,,47961,52747,best-of-5,2025-02-09T05:58:00Z,True,True,3.38
2755230,,52822,52796,best-of-5,2025-02-09T09:20:00Z,True,True,3.38
2638032,,47497,47363,best-of-5,2024-03-22T20:01:00Z,True,True,3.4
2755247,,52796,375,best-of-5,2025-02-27T09:06:00Z,True,True,3.39
2820990,,47961,52817,best-of-3,2025-08-09T06:06:57.972Z,True,True,3.47
2644364,,353,47370,best-of-1,2024-03-11T16:52:00Z,True,True,3.3
2783967,,3389,47757,best-of-1,2025-04-20T16:05:00Z,True,True,3.43
2616402,,47558,4035,best-of-3,2024-02-04T09:14:00Z,True,True,3.2
2754513,,47363,340,best-of-1,2025-02-10T00:37:00Z,True,True,3.38
2706019,,52606,369,best-of-3,2024-07-26T07:10:00Z,True,True,3.11
2682794,,52747,406,best-of-3,2024-08-02T08:00:00Z,True,True,3.11
2616394,,407,52817,best-of-3,2024-01-31T10:46:00Z,True,True,3.2
2784467,,52416,53073,best-of-1,2025-04-19T22:50:00Z,True,True,3.43
2782419,,47494,406,best-of-3,2025-04-12T06:00:00Z,True,True,3.47
2852986,,52796,20483,best-of-5,2025-09-16T09:05:00Z,True,True,3.47
2785276,,47514,3113,best-of-3,2025-03-30T11:50:00Z,True,True,3.43
2620588,,,,best-of-3,2024-03-04T11:11:00Z,True,True,3.2
2825383,,47509,368,best-of-3,2025-08-22T11:00:00Z,True,True,3.47
2682813,,52817,48179,best-of-3,2024-08-15T10:31:00Z,True,True,3.12
2616455,,52747,47494,best-of-3,2024-03-20T10:29:00Z,True,True,3.4
2671092,,106,47380,best-of-1,2024-06-16T15:54:00Z,True,True,3.6
2821006,,407,406,best-of-3,2025-08-21T07:59:48.790Z,True,True,3.47
2825045,,47363,47497,best-of-5,2025-08-30T20:00:08.492Z,True,True,3.47
2781262,,47370,47435,best-of-3,2025-04-20T15:01:00Z,True,True,3.43
2705048,,47376,47380,best-of-5,2024-07-22T15:01:00Z,True,True,3.11
2671084,,47435,47619,best-of-1,2024-06-10T18:51:00Z,True,True,3.5
2788239,,47514,52910,best-of-3,2025-05-05T09:17:00Z,True,True,3.44
2616443,,48179,4035,best-of-3,2024-03-10T08:15:00Z,True,True,3.4
2682805,,47494,52747,best-of-3,2024-08-09T11:35:00Z,True,True,3.11
2704966,,47435,353,best-of-3,2024-07-12T15:04:00Z,True,True,3.10
2765825,,53168,47619,best-of-3,2025-02-23T20:09:00Z,True,True,3.39
2825116,,52573,3389,best-of-5,2025-09-06T16:07:34.918Z,True,True,3.47
2781274,,47380,47370,best-of-3,2025-05-04T17:02:00Z,True,True,3.43
2782458,,3483,407,best-of-3,2025-05-09T08:00:00Z,True,True,3.44
2821010,,47558,406,best-of-3,2025-08-23T06:00:13.790Z,True,True,3.47
2644372,,47619,47370,best-of-1,2024-03-16T18:33:00Z,True,True,3.4
2820986,,3483,47961,best-of-3,2025-08-07T08:00:11.172Z,True,True,3.47
2754505,,54198,47351,best-of-3,2025-01-25T22:59:00Z,True,True,3.35
2616414,,47494,52747,best-of-3,2024-02-21T08:00:00Z,True,True,3.2
2783971,,52573,48070,best-of-1,2025-04-21T16:03:00Z,True,True,3.43
2721956,,52606,47514,best-of-5,2024-08-11T10:16:00Z,True,True,3.16
2820969,,47961,52817,best-of-3,2025-07-25T11:07:40.364Z,True,True,3.47
2764760,,47497,47363,best-of-5,2025-02-23T19:09:00Z,True,True,3.39
2682782,,406,3483,best-of-3,2024-07-25T08:00:00Z,True,True,3.11
2760236,,47435,47376,best-of-1,2025-01-20T18:02:00Z,True,True,3.30
2784471,,47363,53073,best-of-1,2025-04-20T22:00:00Z,True,True,3.44
2616382,,407,3483,best-of-3,2024-01-24T10:30:00Z,True,True,3.2
2780961,,369,375,best-of-1,2025-03-25T12:48:00Z,True,True,3.43
2754339,,3483,52747,best-of-3,2025-01-15T11:20:00Z,True,True,3.30
2833797,,47619,47380,best-of-5,2025-09-28T15:07:47.735Z,True,True,3.47
2618888,,53073,47497,best-of-1,2024-03-09T23:47:00Z,True,True,3.3
2671102,,53168,52661,best-of-1,2024-06-23T16:01:00Z,True,True,3.7
2705967,,20483,52822,best-of-3,2024-07-18T10:44:00Z,True,True,3.14
2638028,,340,47363,best-of-5,2024-03-15T20:00:00Z,True,True,3.4
2618867,,47497,47363,best-of-1,2024-02-10T22:50:00Z,True,True,3.2
2825356,,356,52910,best-of-3,2025-08-10T12:01:00Z,True,True,3.47
2833778,,47376,47380,best-of-3,2025-08-17T16:42:00Z,True,True,3.47
2782474,,47558,406,best-of-3,2025-05-21T08:00:00Z,True,True,3.44
2748731,,353,47376,best-of-1,2025-02-03T20:25:00Z,True,True,3.38
2754342,,406,47558,best-of-3,2025-01-17T08:01:00Z,True,True,3.30
2781258,,53168,353,best-of-3,2025-04-14T15:01:00Z,True,True,3.43
2687001,,52822,20483,best-of-3,2024-06-13T09:10:00Z,True,True,3.6
2686997,,20483,47472,best-of-3,2024-06-11T09:11:00Z,True,True,3.5
2618426,,47376,47370,best-of-1,2024-01-14T19:49:00Z,True,True,3.1
2788242,,47472,52606,best-of-3,2025-05-06T12:45:00Z,True,True,3.43
2616438,,52817,406,best-of-3,2024-03-08T05:08:00Z,True,True,3.4
2705930,,47922,52606,best-of-3,2024-07-06T09:12:00Z,True,True,3.10
2663304,,52661,47380,best-of-5,2024-04-07T15:02:00Z,True,True,3.4
2723678,,48179,47558,best-of-5,2024-08-28T08:03:00Z,True,True,3.15
2682741,,407,47558,best-of-3,2024-06-20T08:00:00Z,True,True,3.7
2706023,,3113,47509,best-of-3,2024-07-27T09:09:00Z,True,True,3.11
2788254,,52796,375,best-of-3,2025-05-11T13:22:00Z,True,True,3.44
2618430,,47435,53168,best-of-1,2024-01-15T18:04:00Z,True,True,3.1
2686981,,47319,52910,best-of-3,2024-06-02T09:14:00Z,True,True,3.5
2825317,,52905,47509,best-of-3,2025-07-25T09:07:00Z,True,True,3.47
2788192,,47514,52796,best-of-3,2025-04-14T12:41:00Z,True,True,3.43
2682757,,52747,406,best-of-3,2024-06-29T09:55:00Z,True,True,3.8
2782435,,4035,52747,best-of-3,2025-04-23T10:15:00Z,True,True,3.43
2723681,,47494,48179,best-of-5,2024-09-01T06:08:00Z,True,True,3.16
2847244,,48179,52817,best-of-5,2025-09-06T06:02:22.492Z,True,True,3.47
2856455,,52796,47472,best-of-5,2025-09-27T09:06:00Z,True,True,3.47
2662446,,47380,47376,best-of-3,2024-04-01T17:34:00Z,True,True,3.4
2788203,,3113,52726,best-of-3,2025-04-20T07:18:00Z,True,True,3.43
2628897,,47370,353,best-of-3,2024-02-04T16:01:00Z,True,True,3.2
2825340,,375,356,best-of-3,2025-08-03T11:09:00Z,True,True,3.47
2618871,,340,52572,best-of-1,2024-02-11T23:37:00Z,True,True,3.2
2705971,,47509,47472,best-of-3,2024-07-19T07:11:00Z,True,True,3.11
2754354,,48179,406,best-of-3,2025-01-25T05:59:00Z,True,True,3.35
2748727,,47370,53168,best-of-1,2025-02-03T17:03:00Z,True,True,3.38
2782462,,52747,3483,best-of-3,2025-05-11T06:00:00Z,True,True,3.44
2825086,,47389,3389,best-of-3,2025-08-02T15:20:00Z,True,True,3.47
2754355,,3483,47558,best-of-3,2025-01-25T09:18:00Z,True,True,3.35
2748726,,47380,47619,best-of-1,2025-02-02T20:38:00Z,True,True,3.38
2782463,,47961,406,best-of-3,2025-05-11T09:14:00Z,True,True,3.44
2709379,,47619,47370,best-of-1,2024-06-30T20:27:00Z,True,True,3.10
2662105,,406,47494,best-of-5,2024-04-13T06:17:00Z,True,True,3.4
2796135,,47757,3389,best-of-3,2025-04-26T15:02:00Z,True,True,3.43
2687016,,47922,369,best-of-3,2024-06-20T12:21:00Z,True,True,3.16
2825087,,54284,48070,best-of-3,2025-08-02T17:48:00Z,True,True,3.47
2671115,,53168,53165,best-of-1,2024-06-30T18:48:00Z,True,True,3.8
2788202,,20483,52910,best-of-3,2025-04-19T11:33:00Z,True,True,3.44
2833780,,47380,52661,best-of-3,2025-08-18T17:45:00Z,True,True,3.47
2825341,,47514,52910,best-of-3,2025-08-04T09:06:00Z,True,True,3.47
2628896,,47380,53168,best-of-3,2024-02-03T17:47:00Z,True,True,3.2
2618870,,47363,53073,best-of-1,2024-02-11T22:53:00Z,True,True,3.2
2682756,,47494,407,best-of-3,2024-06-29T06:01:00Z,True,True,3.8
2782434,,47961,407,best-of-3,2025-04-23T07:59:00Z,True,True,3.43
2723680,,406,47558,best-of-5,2024-08-31T06:01:00Z,True,True,3.16
2847245,,52747,48179,best-of-5,2025-09-07T06:01:52.492Z,True,True,3.47
2856454,,52796,52822,best-of-5,2025-09-26T09:06:00Z,True,True,3.47
2662447,,353,47435,best-of-3,2024-04-02T15:01:00Z,True,True,3.4
2788255,,52606,20483,best-of-3,2025-05-12T09:13:00Z,True,True,3.44
2618431,,53165,47619,best-of-1,2024-01-15T19:05:00Z,True,True,3.1
2686980,,52822,52905,best-of-3,2024-06-01T12:26:00Z,True,True,3.13
2825316,,52726,52606,best-of-3,2025-07-24T11:03:00Z,True,True,3.47
2663305,,47376,47370,best-of-5,2024-04-08T15:01:00Z,True,True,3.4
2723679,,47494,406,best-of-5,2024-08-29T08:02:00Z,True,True,3.16
2825029,,47497,47363,best-of-3,2025-07-27T20:04:22.698Z,True,True,3.47
2782422,,52747,47961,best-of-3,2025-04-13T09:00:00Z,True,True,3.43
2682740,,48179,47494,best-of-3,2024-06-19T10:36:00Z,True,True,3.7
2788185,,52822,47514,best-of-3,2025-04-12T07:18:00Z,True,True,3.43
2706022,,368,52726,best-of-3,2024-07-27T07:10:00Z,True,True,3.11
2686996,,368,356,best-of-3,2024-06-10T11:29:00Z,True,True,3.13
2618427,,106,47435,best-of-1,2024-01-14T20:46:00Z,True,True,3.1
2788243,,52822,52905,best-of-3,2025-05-07T09:19:00Z,True,True,3.43
2616439,,52747,48179,best-of-3,2024-03-08T07:28:00Z,True,True,3.4
2705931,,52822,52796,best-of-3,2024-07-06T11:14:00Z,True,True,3.10
2686979,,3113,47472,best-of-3,2024-06-01T09:15:00Z,True,True,3.13
2782475,,47961,3483,best-of-3,2025-05-21T11:18:00Z,True,True,3.44
2748730,,47380,47435,best-of-1,2025-02-03T19:32:00Z,True,True,3.38
2754343,,52817,52747,best-of-3,2025-01-17T10:28:00Z,True,True,3.30
2781259,,47435,53165,best-of-3,2025-04-14T16:59:00Z,True,True,3.43
2687000,,369,375,best-of-3,2024-06-12T11:10:00Z,True,True,3.6
2833796,,47376,47619,best-of-5,2025-09-27T15:09:04.316Z,True,True,3.47
2618889,,52572,47351,best-of-1,2024-03-09T21:04:00Z,True,True,3.3
2788214,,20483,52796,best-of-3,2025-04-24T12:43:00Z,True,True,3.43
2671103,,47376,47380,best-of-1,2024-06-23T16:53:00Z,True,True,3.7
2705966,,3113,47319,best-of-3,2024-07-18T07:09:00Z,True,True,3.15
2618866,,53073,340,best-of-1,2024-02-10T23:41:00Z,True,True,3.2
2833779,,53165,47370,best-of-3,2025-08-18T15:02:00Z,True,True,3.47
2825357,,3113,52905,best-of-3,2025-08-11T09:04:00Z,True,True,3.47
2682783,,47961,48179,best-of-3,2024-07-25T10:29:00Z,True,True,3.11
2796158,,3389,47389,best-of-5,2025-06-15T16:08:53.520Z,True,True,3.45
2784470,,47351,340,best-of-1,2025-04-20T20:56:00Z,True,True,3.43
2780960,,52905,47514,best-of-1,2025-03-25T11:49:00Z,True,True,3.43
2616383,,52747,48179,best-of-3,2024-01-25T08:00:00Z,True,True,3.2
2754338,,52817,47961,best-of-3,2025-01-15T08:04:00Z,True,True,3.30
2644373,,53165,106,best-of-1,2024-03-16T19:29:00Z,True,True,3.4
2820987,,47494,47558,best-of-3,2025-08-07T11:14:10.926Z,True,True,3.47
2754504,,53073,340,best-of-3,2025-01-25T21:07:00Z,True,True,3.35
2616415,,406,407,best-of-3,2024-02-21T11:30:00Z,True,True,3.2
2721957,,52905,52796,best-of-5,2024-08-12T10:12:00Z,True,True,3.20
2783970,,48173,47389,best-of-1,2025-04-20T18:29:00Z,True,True,3.43
2820968,,47558,47494,best-of-3,2025-07-25T08:05:30.698Z,True,True,3.47
2704967,,52661,47619,best-of-3,2024-07-12T16:55:00Z,True,True,3.10
2765824,,47376,52661,best-of-3,2025-02-23T17:01:00Z,True,True,3.39
2825117,,48173,52573,best-of-5,2025-09-07T16:11:05.918Z,True,True,3.47
2781275,,47435,47376,best-of-3,2025-05-05T15:01:00Z,True,True,3.43
2780937,,52822,47509,best-of-1,2025-03-22T08:06:00Z,True,True,3.43
2782459,,52817,406,best-of-3,2025-05-09T09:59:00Z,True,True,3.44
2821011,,3483,52817,best-of-3,2025-08-23T09:13:05.810Z,True,True,3.47
2788238,,375,20483,best-of-3,2025-05-04T12:19:00Z,True,True,3.43
2682804,,47558,407,best-of-3,2024-08-09T08:00:00Z,True,True,3.11
2616442,,407,52747,best-of-3,2024-03-10T05:08:00Z,True,True,3.4
2825394,,20483,52910,best-of-3,2025-08-27T11:02:00Z,True,True,3.47
2821007,,4035,52817,best-of-3,2025-08-21T11:20:52.790Z,True,True,3.47
2825044,,47351,52416,best-of-5,2025-08-29T20:00:02.493Z,True,True,3.47
2781263,,47380,52661,best-of-3,2025-04-20T17:05:00Z,True,True,3.43
2805671,,47376,47380,best-of-5,2025-05-24T15:02:00Z,True,True,3.44
2755211,,369,52822,best-of-5,2025-01-12T09:18:00Z,True,True,3.30
2825382,,47514,47472,best-of-3,2025-08-22T09:05:00Z,True,True,3.47
2762924,,47619,47376,best-of-1,2025-01-18T19:56:00Z,True,True,3.35
2616454,,47961,47558,best-of-3,2024-03-20T07:59:00Z,True,True,3.4
2682812,,4035,406,best-of-3,2024-08-15T08:01:00Z,True,True,3.12
2671093,,53168,47619,best-of-1,2024-06-16T16:45:00Z,True,True,3.6
2706018,,368,52822,best-of-3,2024-07-25T12:08:00Z,True,True,3.11
2682795,,48179,3483,best-of-3,2024-08-02T10:30:00Z,True,True,3.11
2810218,,52817,52747,best-of-3,2025-05-25T07:40:00Z,True,True,3.44
2616395,,47961,47494,best-of-3,2024-02-01T08:00:00Z,True,True,3.2
2780976,,52606,20483,best-of-1,2025-03-28T10:01:00Z,True,True,3.43
2784466,,47499,47497,best-of-1,2025-04-19T21:44:00Z,True,True,3.43
2782418,,52747,47558,best-of-3,2025-04-11T11:01:00Z,True,True,3.43
2852987,,20483,375,best-of-5,2025-09-20T08:10:00Z,True,True,3.47
2785277,,3113,52910,best-of-3,2025-03-31T11:10:00Z,True,True,3.47
2755246,,356,375,best-of-5,2025-02-26T09:06:00Z,True,True,3.39
2820991,,52747,47494,best-of-3,2025-08-09T09:10:17.927Z,True,True,3.47
2644365,,53168,47619,best-of-1,2024-03-11T17:33:00Z,True,True,3.3
2783966,,54284,47960,best-of-1,2025-04-19T18:49:00Z,True,True,3.43
2616403,,47558,407,best-of-3,2024-02-14T08:00:00Z,True,True,3.2
2754512,,53073,47363,best-of-3,2025-02-09T21:01:00Z,True,True,3.38
2618893,,340,47499,best-of-1,2024-03-10T22:52:00Z,True,True,3.3
2765392,,47961,406,best-of-3,2025-02-08T08:29:00Z,True,True,3.38
2793442,,52606,20483,best-of-3,2025-04-15T09:18:00Z,True,True,3.43
2638033,,340,47351,best-of-5,2024-03-23T20:02:00Z,True,True,3.4
2833763,,53165,55749,best-of-3,2025-08-02T15:07:00Z,True,True,3.47
2759838,,47435,353,best-of-1,2025-01-19T17:03:00Z,True,True,3.30
2781243,,52661,106,best-of-3,2025-03-31T15:01:00Z,True,True,3.43
2754359,,47961,406,best-of-3,2025-01-31T11:02:00Z,True,True,3.38
2825121,,47497,52573,best-of-5,2025-09-21T20:03:09.887Z,True,True,3.47
2692648,,47435,53168,best-of-1,2024-06-08T15:08:00Z,True,True,3.8
2782480,,406,48179,best-of-3,2025-05-24T05:59:00Z,True,True,3.44
2689907,,47497,52572,best-of-3,2024-08-03T21:43:00Z,True,True,3.11
2796139,,48070,47960,best-of-3,2025-05-03T15:04:25.029Z,True,True,3.43
2783946,,54284,3389,best-of-1,2025-04-05T16:10:00Z,True,True,3.43
2788259,,52822,52796,best-of-3,2025-05-14T09:12:00Z,True,True,3.44
2721961,,52822,356,best-of-5,2024-08-17T10:13:00Z,True,True,3.12
2754532,,48173,47960,best-of-3,2025-02-01T16:13:00Z,True,True,3.38
2825033,,54198,47363,best-of-3,2025-08-02T21:44:23.926Z,True,True,3.47
2780956,,52905,369,best-of-1,2025-03-25T08:07:00Z,True,True,3.43
2782438,,407,52747,best-of-3,2025-04-25T07:59:00Z,True,True,3.43
2796181,,47497,53073,best-of-3,2025-05-10T22:08:32.976Z,True,True,3.44
2788170,,52905,52796,best-of-3,2025-04-06T07:22:00Z,True,True,3.43
2764757,,47960,47351,best-of-3,2025-02-16T19:05:00Z,True,True,3.38
2616435,,47558,406,best-of-3,2024-03-06T08:23:00Z,True,True,3.4
2783950,,47389,54284,best-of-1,2025-04-06T16:02:00Z,True,True,3.43
2644353,,47376,106,best-of-1,2024-03-09T17:04:00Z,True,True,3.3
2788189,,375,52606,best-of-3,2025-04-13T09:37:00Z,True,True,3.43
2784450,,47499,47363,best-of-1,2025-04-12T21:49:00Z,True,True,3.43
2780940,,356,52822,best-of-1,2025-03-22T11:11:00Z,True,True,3.43
2796178,,54198,47351,best-of-3,2025-05-04T22:03:36.976Z,True,True,3.43
2788218,,3113,47509,best-of-3,2025-04-26T09:17:00Z,True,True,3.43
2618885,,47499,47351,best-of-1,2024-03-08T21:04:00Z,True,True,3.3
2616462,,52817,4035,best-of-3,2024-03-24T05:59:00Z,True,True,3.4
2833775,,55749,47619,best-of-3,2025-08-16T15:01:00Z,True,True,3.47
2781255,,353,53165,best-of-3,2025-04-12T16:46:00Z,True,True,3.43
2782479,,407,52747,best-of-3,2025-05-23T10:14:00Z,True,True,3.44
2689911,,47497,53073,best-of-3,2024-08-10T21:28:00Z,True,True,3.11
2725349,,52661,53165,best-of-5,2024-07-26T15:02:00Z,True,True,3.14
2825320,,20483,356,best-of-3,2025-07-26T10:06:00Z,True,True,3.47
2644390,,47619,47435,best-of-1,2024-03-22T18:26:00Z,True,True,3.4
2820964,,48179,52817,best-of-3,2025-07-23T07:59:45.481Z,True,True,3.47
2788263,,47514,52796,best-of-3,2025-05-16T09:12:00Z,True,True,3.44
2616419,,52747,406,best-of-3,2024-02-23T11:44:00Z,True,True,3.2
2754508,,47497,47363,best-of-3,2025-02-02T21:05:00Z,True,True,3.38
2796154,,47960,54284,best-of-5,2025-05-31T16:05:42.520Z,True,True,3.44
2780983,,47514,369,best-of-1,2025-03-29T11:07:00Z,True,True,3.43
2682760,,47494,52817,best-of-3,2024-07-10T08:01:00Z,True,True,3.10
2618846,,47497,52541,best-of-1,2024-01-27T21:11:00Z,True,True,3.2
2825377,,52606,368,best-of-3,2025-08-20T09:04:00Z,True,True,3.47
2682808,,48179,52747,best-of-3,2024-08-11T06:00:00Z,True,True,3.11
2788234,,52905,52910,best-of-3,2025-05-03T07:13:00Z,True,True,3.43
2618450,,52661,47435,best-of-1,2024-01-27T16:06:00Z,True,True,3.2
2671089,,47435,53165,best-of-1,2024-06-15T17:35:00Z,True,True,3.6
2765828,,47376,53165,best-of-5,2025-03-01T17:03:00Z,True,True,3.39
2629024,,47380,47376,best-of-3,2024-02-05T17:46:00Z,True,True,3.2
2687020,,52822,52905,best-of-3,2024-06-21T11:09:00Z,True,True,3.7
2689897,,47497,47351,best-of-3,2024-07-21T20:02:00Z,True,True,3.11
2811014,,20483,356,best-of-5,2025-06-09T09:10:00Z,True,True,3.45
2760283,,47380,353,best-of-1,2025-01-20T19:45:00Z,True,True,3.30
2682737,,406,47961,best-of-3,2024-06-16T06:01:00Z,True,True,3.6
2782455,,48179,407,best-of-3,2025-05-07T10:55:00Z,True,True,3.43
2748710,,53165,106,best-of-1,2025-01-26T19:50:00Z,True,True,3.35
2754363,,52817,52747,best-of-3,2025-02-07T10:28:00Z,True,True,3.38
2781279,,47370,353,best-of-3,2025-05-11T15:07:00Z,True,True,3.44
2618850,,53073,47351,best-of-1,2024-01-28T21:07:00Z,True,True,3.2
2620585,,20483,52905,best-of-3,2024-03-03T09:08:00Z,True,True,3.16
2705950,,375,356,best-of-3,2024-07-12T12:23:00Z,True,True,3.15
2618446,,47380,47435,best-of-1,2024-01-21T17:51:00Z,True,True,3.1
2788222,,52796,375,best-of-3,2025-04-27T13:21:00Z,True,True,3.43
2616458,,52817,47558,best-of-3,2024-03-22T07:59:00Z,True,True,3.4
2689881,,47351,47499,best-of-3,2024-06-15T22:45:00Z,True,True,3.8
2687036,,52822,47472,best-of-3,2024-06-29T11:09:00Z,True,True,3.8
2781280,,47380,53165,best-of-3,2025-05-11T17:16:00Z,True,True,3.44
2754375,,48179,47558,best-of-5,2025-02-22T05:59:00Z,True,True,3.39
2748706,,53165,353,best-of-1,2025-01-25T21:11:00Z,True,True,3.35
2825048,,53073,47497,best-of-5,2025-09-06T20:00:33.918Z,True,True,3.47
2782443,,48179,406,best-of-3,2025-04-27T09:04:00Z,True,True,3.43
2644369,,353,52661,best-of-1,2024-03-16T16:02:00Z,True,True,3.4
2783985,,52910,47509,best-of-1,2025-03-26T11:07:00Z,True,True,3.43
2825336,,52606,368,best-of-3,2025-08-02T07:08:00Z,True,True,3.47
2788275,,52822,52910,best-of-3,2025-05-22T09:14:00Z,True,True,3.44
2820972,,47961,3483,best-of-3,2025-07-27T05:59:29.364Z,True,True,3.47
2644386,,353,53165,best-of-1,2024-03-18T19:11:00Z,True,True,3.4
2616376,,47494,3483,best-of-3,2024-01-19T10:44:00Z,True,True,3.1
2682799,,3483,52747,best-of-3,2024-08-04T08:40:00Z,True,True,3.11
2847265,,47494,47558,best-of-5,2025-09-21T06:01:53.517Z,True,True,3.47
2796142,,54284,47757,best-of-3,2025-05-04T17:59:14.976Z,True,True,3.43
2706014,,52726,52796,best-of-3,2024-07-24T11:13:00Z,True,True,3.17
2682776,,47494,406,best-of-3,2024-07-20T06:02:00Z,True,True,3.11
2782414,,52817,48179,best-of-3,2025-04-09T11:14:00Z,True,True,3.43
2616399,,47961,407,best-of-3,2024-02-03T06:00:00Z,True,True,3.2
2781238,,47376,53168,best-of-3,2025-03-29T13:04:39.971Z,True,True,3.43
2638030,,47497,52541,best-of-5,2024-03-16T20:01:00Z,True,True,3.4
2755232,,20483,52910,best-of-5,2025-02-10T09:22:00Z,True,True,3.38
2765391,,52747,47494,best-of-3,2025-02-08T05:59:00Z,True,True,3.38
2847564,,3113,52822,best-of-5,2025-09-01T09:05:00Z,True,True,3.47
2618890,,340,52541,best-of-1,2024-03-09T21:51:00Z,True,True,3.3
2782483,,4035,407,best-of-3,2025-05-25T09:03:00Z,True,True,3.44
2825122,,48173,47497,best-of-5,2025-09-27T20:06:45.858Z,True,True,3.47
2825088,,47757,48173,best-of-3,2025-08-03T15:02:55.172Z,True,True,3.47
2748729,,53165,52661,best-of-1,2025-02-03T18:44:00Z,True,True,3.38
2781240,,47619,47380,best-of-3,2025-03-29T17:14:00Z,True,True,3.47
2705928,,47509,47319,best-of-3,2024-07-05T09:11:00Z,True,True,3.30
2825319,,52905,3113,best-of-3,2025-07-26T07:07:00Z,True,True,3.47
2616420,,407,47494,best-of-3,2024-02-24T06:00:00Z,True,True,3.2
2754531,,48070,52573,best-of-3,2025-01-26T18:51:00Z,True,True,3.35
2721962,,52726,375,best-of-5,2024-08-18T10:11:00Z,True,True,3.12
2849604,,47509,47472,best-of-5,2025-09-07T11:12:00Z,True,True,3.47
2764754,,3389,47497,best-of-3,2025-02-15T19:06:00Z,True,True,3.38
2788173,,47509,52726,best-of-3,2025-04-07T09:17:00Z,True,True,3.43
2759883,,47619,53165,best-of-1,2025-01-19T19:17:00Z,True,True,3.30
2682759,,3483,48179,best-of-3,2024-06-30T08:46:00Z,True,True,3.8
2796182,,47499,340,best-of-3,2025-05-11T20:00:29.824Z,True,True,3.44
2825030,,47499,53073,best-of-3,2025-07-27T21:54:28.698Z,True,True,3.47
2780955,,47319,20483,best-of-1,2025-03-24T13:05:00Z,True,True,3.43
2783953,,47960,3389,best-of-1,2025-04-06T18:43:00Z,True,True,3.43
2618428,,47370,52661,best-of-1,2024-01-15T16:01:00Z,True,True,3.1
2686999,,52726,47922,best-of-3,2024-06-12T09:11:00Z,True,True,3.16
2754527,,47757,48173,best-of-3,2025-01-25T19:41:00Z,True,True,3.35
2616436,,47494,3483,best-of-3,2024-03-07T05:08:00Z,True,True,3.4
2784453,,53073,340,best-of-1,2025-04-13T20:53:00Z,True,True,3.43
2780943,,47472,368,best-of-1,2025-03-23T08:06:00Z,True,True,3.43
2825026,,52416,340,best-of-3,2025-07-26T20:03:45.364Z,True,True,3.47
2723676,,48179,4035,best-of-5,2024-08-23T08:04:00Z,True,True,3.14
2755224,,52726,356,best-of-5,2025-01-25T05:24:00Z,True,True,3.38
2825358,,47514,52796,best-of-3,2025-08-11T11:03:00Z,True,True,3.47
2833776,,353,47435,best-of-3,2025-08-16T17:06:00Z,True,True,3.47
2638026,,47351,47497,best-of-5,2024-03-14T20:01:00Z,True,True,3.4
2618869,,52572,47499,best-of-1,2024-02-10T21:58:00Z,True,True,3.2
2618886,,47497,52572,best-of-1,2024-03-08T22:39:00Z,True,True,3.3
2616461,,47961,47494,best-of-3,2024-03-23T08:41:00Z,True,True,3.4
2810850,,47376,53168,best-of-5,2025-05-31T15:02:00Z,True,True,3.44
2689912,,340,47351,best-of-3,2024-08-11T20:00:00Z,True,True,3.11
2781256,,47376,47370,best-of-3,2025-04-13T15:02:00Z,True,True,3.43
2820967,,52747,407,best-of-3,2025-07-24T10:04:17.480Z,True,True,3.47
2644393,,47370,53168,best-of-1,2024-03-23T16:54:00Z,True,True,3.4
2721958,,20483,47514,best-of-5,2024-08-13T10:11:00Z,True,True,3.16
2788260,,52910,375,best-of-3,2025-05-14T11:40:00Z,True,True,3.44
2820988,,48179,4035,best-of-3,2025-08-08T08:00:06.172Z,True,True,3.47
2825323,,47514,356,best-of-3,2025-07-27T09:07:00Z,True,True,3.47
2682763,,47558,3483,best-of-3,2024-07-11T10:30:00Z,True,True,3.10
2780980,,369,52905,best-of-1,2025-03-29T08:06:00Z,True,True,3.43
2620601,,3113,375,best-of-3,2024-03-10T09:08:00Z,True,True,3.17
2796157,,47389,54284,best-of-5,2025-06-14T16:07:24.111Z,True,True,3.45
2788237,,3113,369,best-of-3,2025-05-04T09:13:00Z,True,True,3.43
2618845,,47351,47499,best-of-1,2024-01-27T20:12:00Z,True,True,3.2
2705046,,53165,353,best-of-3,2024-07-23T18:04:00Z,True,True,3.11
2825374,,47472,356,best-of-3,2025-08-18T11:10:00Z,True,True,3.47
2705945,,20483,52905,best-of-3,2024-07-11T11:14:00Z,True,True,3.10
2835374,,52910,375,best-of-3,2025-07-31T09:07:00Z,True,True,3.47
2780938,,52910,356,best-of-1,2025-03-22T09:14:00Z,True,True,3.43
2748713,,47376,52661,best-of-1,2025-01-27T17:58:00Z,True,True,3.35
2754360,,47494,47558,best-of-3,2025-02-01T05:58:00Z,True,True,3.38
2682734,,47494,52747,best-of-3,2024-06-14T10:43:00Z,True,True,3.6
2782456,,47961,47494,best-of-3,2025-05-08T08:00:00Z,True,True,3.44
2687023,,47472,20483,best-of-3,2024-06-23T09:10:00Z,True,True,3.7
2811017,,20483,356,best-of-5,2025-06-14T09:12:00Z,True,True,3.45
2825118,,3389,47497,best-of-5,2025-09-13T20:07:23.858Z,True,True,3.47
2704968,,53168,47376,best-of-3,2024-07-13T15:03:00Z,True,True,3.10
2618445,,106,47376,best-of-1,2024-01-21T16:57:00Z,True,True,3.1
2788221,,47472,52822,best-of-3,2025-04-27T10:06:00Z,True,True,3.43
2620586,,369,52796,best-of-3,2024-03-03T11:11:00Z,True,True,3.11
2705953,,52910,47319,best-of-3,2024-07-13T09:12:00Z,True,True,3.10
2671073,,47619,47380,best-of-1,2024-06-08T18:04:00Z,True,True,3.8
2825362,,375,52796,best-of-3,2025-08-13T09:04:00Z,True,True,3.47
2782440,,3483,4035,best-of-3,2025-04-26T06:00:00Z,True,True,3.43
2821008,,47494,52747,best-of-3,2025-08-22T07:59:32.790Z,True,True,3.47
2754376,,406,47558,best-of-5,2025-02-23T06:15:00Z,True,True,3.39
2748705,,47370,47380,best-of-1,2025-01-25T20:02:00Z,True,True,3.35
2812787,,48179,407,best-of-3,2025-06-04T08:01:00Z,True,True,3.45
2689882,,52541,47497,best-of-3,2024-06-16T20:04:00Z,True,True,3.6
2687035,,52905,3113,best-of-3,2024-06-29T09:11:00Z,True,True,3.8
2788276,,52905,52606,best-of-3,2025-05-22T11:24:00Z,True,True,3.44
2783969,,54284,52573,best-of-1,2025-04-20T17:36:00Z,True,True,3.43
2644385,,106,47619,best-of-1,2024-03-18T18:26:00Z,True,True,3.4
2820971,,407,406,best-of-3,2025-07-26T08:24:15.364Z,True,True,3.47
2825335,,52822,47472,best-of-3,2025-08-01T11:12:00Z,True,True,3.47
2784469,,54198,47497,best-of-1,2025-04-20T20:01:00Z,True,True,3.43
2780979,,3113,52606,best-of-1,2025-03-28T13:12:00Z,True,True,3.43
2682775,,52817,3483,best-of-3,2024-07-19T10:30:00Z,True,True,3.11
2852988,,375,356,best-of-5,2025-09-21T08:15:00Z,True,True,3.47
2782417,,3483,52817,best-of-3,2025-04-11T07:59:00Z,True,True,3.43
2847266,,407,47558,best-of-5,2025-09-27T05:17:48.492Z,True,True,3.47
2796141,,48173,3389,best-of-3,2025-05-04T15:03:15.859Z,True,True,3.43
2616375,,406,47961,best-of-3,2024-01-19T08:02:00Z,True,True,3.1
2796136,,54284,48173,best-of-3,2025-04-26T16:46:00Z,True,True,3.43
2689908,,52541,47499,best-of-3,2024-08-03T20:01:00Z,True,True,3.11
2687015,,47509,47514,best-of-3,2024-06-20T09:10:00Z,True,True,3.16
2782460,,48179,47494,best-of-3,2025-05-10T05:59:00Z,True,True,3.44
2760259,,47619,47370,best-of-1,2025-01-20T18:49:00Z,True,True,3.30
2662106,,47494,47558,best-of-5,2024-04-14T06:20:00Z,True,True,3.4
2754356,,52747,47494,best-of-3,2025-01-26T05:58:00Z,True,True,3.35
2748725,,47435,47370,best-of-1,2025-02-02T19:42:00Z,True,True,3.38
2705973,,52796,52905,best-of-3,2024-07-19T11:10:00Z,True,True,3.11
2825342,,52796,52822,best-of-3,2025-08-28T09:05:00Z,True,True,3.47
2628895,,52661,47435,best-of-3,2024-02-03T16:01:00Z,True,True,3.2
2618873,,47499,52541,best-of-1,2024-02-11T22:08:00Z,True,True,3.2
2833783,,47435,52661,best-of-3,2025-08-25T16:43:48.254Z,True,True,3.47
2788201,,369,47509,best-of-3,2025-04-19T09:18:00Z,True,True,3.43
2643749,,48179,47961,best-of-3,2024-02-25T06:00:00Z,True,True,3.19
2764758,,47497,340,best-of-3,2025-02-22T19:06:00Z,True,True,3.39
2723683,,47494,406,best-of-5,2024-09-07T06:15:00Z,True,True,3.16
2784449,,47497,340,best-of-1,2025-04-12T20:57:00Z,True,True,3.43
2780959,,375,52905,best-of-1,2025-03-25T10:58:00Z,True,True,3.43
2788190,,52822,20483,best-of-3,2025-04-13T11:44:00Z,True,True,3.43
2682755,,47961,47558,best-of-3,2024-06-28T10:47:00Z,True,True,3.8
2782437,,52817,406,best-of-3,2025-04-24T10:12:00Z,True,True,3.43
2825315,,52796,47472,best-of-3,2025-07-24T09:08:00Z,True,True,3.47
2788256,,47514,52905,best-of-3,2025-05-12T11:26:00Z,True,True,3.44
2783949,,47960,52573,best-of-1,2025-04-05T19:29:00Z,True,True,3.43
2618432,,353,47376,best-of-1,2024-01-15T20:07:00Z,True,True,3.1
2686983,,52726,369,best-of-3,2024-06-03T09:12:00Z,True,True,3.5
2706021,,356,52905,best-of-3,2024-07-26T11:15:00Z,True,True,3.17
2796177,,52416,47363,best-of-3,2025-05-03T22:54:40.976Z,True,True,3.43
2788169,,20483,375,best-of-3,2025-04-05T12:59:00Z,True,True,3.43
2782421,,48179,47558,best-of-3,2025-04-13T05:59:00Z,True,True,3.43
2682743,,52817,406,best-of-3,2024-06-21T08:00:00Z,True,True,3.7
2788186,,47472,52606,best-of-3,2025-04-12T09:39:00Z,True,True,3.43
2728935,,47494,407,best-of-5,2024-09-14T05:59:00Z,True,True,3.17
2705932,,47472,3113,best-of-3,2024-07-07T09:12:00Z,True,True,3.10
2825303,,3113,47509,best-of-3,2025-07-19T07:08:00Z,True,True,3.47
2686995,,47509,47514,best-of-3,2024-06-10T09:11:00Z,True,True,3.5
2618424,,47619,353,best-of-1,2024-01-14T17:33:00Z,True,True,3.1
2788240,,52606,356,best-of-3,2025-05-05T11:22:00Z,True,True,3.43
2687003,,47319,368,best-of-3,2024-06-14T09:10:00Z,True,True,3.11
2782499,,47494,406,best-of-5,2025-06-15T06:10:48.520Z,True,True,3.45
2754340,,407,4035,best-of-3,2025-01-16T08:02:00Z,True,True,3.30
2782476,,48179,52817,best-of-3,2025-05-22T07:59:00Z,True,True,3.44
2618865,,52541,52572,best-of-1,2024-02-04T23:20:00Z,True,True,3.2
2825354,,52796,47472,best-of-3,2025-08-09T11:50:00Z,True,True,3.47
2705965,,52822,375,best-of-3,2024-07-17T11:10:00Z,True,True,3.11
2671100,,47619,47376,best-of-1,2024-06-22T18:24:00Z,True,True,3.7
2788217,,52905,356,best-of-3,2025-04-25T12:35:00Z,True,True,3.47
2833795,,47376,53165,best-of-5,2025-09-26T15:10:37.699Z,True,True,3.47
2784473,,340,47499,best-of-1,2025-04-21T20:00:00Z,True,True,3.43
2780963,,356,52910,best-of-1,2025-03-26T09:12:00Z,True,True,3.43
2616380,,48179,407,best-of-3,2024-01-21T08:42:00Z,True,True,3.1
2682780,,52747,4035,best-of-3,2024-07-24T08:00:00Z,True,True,3.11
2660013,,106,353,best-of-1,2024-03-25T19:52:00Z,True,True,3.4
2783973,,47960,47389,best-of-1,2025-04-21T18:01:00Z,True,True,3.43
2842357,,53073,47351,best-of-5,2025-08-16T20:00:14.719Z,True,True,3.47
2754507,,54198,53073,best-of-3,2025-02-01T21:02:00Z,True,True,3.38
2616416,,4035,48179,best-of-3,2024-02-22T08:00:00Z,True,True,3.2
2820984,,52747,406,best-of-3,2025-08-06T07:58:52.183Z,True,True,3.47
2644370,,53168,47376,best-of-1,2024-03-16T17:01:00Z,True,True,3.4
2821012,,4035,48179,best-of-3,2025-08-24T05:59:02.790Z,True,True,3.47
2682738,,47494,47558,best-of-3,2024-06-16T09:17:00Z,True,True,3.6
2781276,,353,47619,best-of-3,2025-05-05T16:38:00Z,True,True,3.43
2765827,,47376,47619,best-of-5,2025-02-28T17:03:00Z,True,True,3.39
2825114,,48173,3389,best-of-5,2025-08-31T16:08:15.492Z,True,True,3.47
2689898,,53073,52541,best-of-3,2024-07-21T21:37:00Z,True,True,3.11
2682807,,47961,406,best-of-3,2024-08-10T09:15:00Z,True,True,3.11
2616441,,3483,47961,best-of-3,2024-03-09T07:28:00Z,True,True,3.4
2671086,,52661,353,best-of-1,2024-06-15T15:04:00Z,True,True,3.6
2853511,,47380,47619,best-of-5,2025-09-14T15:02:17.688Z,True,True,3.47
2705949,,47509,369,best-of-3,2024-07-12T09:12:00Z,True,True,3.16
2825378,,47514,20483,best-of-3,2025-08-20T11:05:00Z,True,True,3.47
2618849,,47499,47497,best-of-1,2024-01-28T20:12:00Z,True,True,3.2
2825047,,47497,47351,best-of-5,2025-09-05T19:59:55.492Z,True,True,3.47
2748709,,47376,47380,best-of-1,2025-01-26T19:01:00Z,True,True,3.35
2781260,,106,47376,best-of-3,2025-04-19T15:02:00Z,True,True,3.43
2821004,,3483,47961,best-of-3,2025-08-20T07:59:43.790Z,True,True,3.47
2618449,,353,47370,best-of-1,2024-01-27T17:00:00Z,True,True,3.2
2671090,,47380,53168,best-of-1,2024-06-15T18:29:00Z,True,True,3.6
2825381,,356,52796,best-of-3,2025-08-21T11:05:00Z,True,True,3.47
2616457,,48179,3483,best-of-3,2024-03-21T11:25:00Z,True,True,3.4
2682811,,3483,47494,best-of-3,2024-08-14T10:36:00Z,True,True,3.12
2805672,,47619,53165,best-of-5,2025-05-25T15:03:00Z,True,True,3.44
2755212,,52726,52606,best-of-5,2025-01-13T09:28:00Z,True,True,3.30
2682779,,47961,52747,best-of-3,2024-07-21T09:09:00Z,True,True,3.11
2852984,,52796,52822,best-of-5,2025-09-13T09:07:00Z,True,True,3.47
2785274,,52910,3113,best-of-1,2025-03-30T10:36:00Z,True,True,3.43
2616396,,4035,52747,best-of-3,2024-02-01T10:30:00Z,True,True,3.2
2780975,,20483,3113,best-of-1,2025-03-28T09:06:00Z,True,True,3.43
2784465,,47351,47363,best-of-1,2025-04-19T20:55:00Z,True,True,3.43
2616379,,406,3483,best-of-3,2024-01-21T06:03:00Z,True,True,3.1
2682796,,47494,47558,best-of-3,2024-08-03T06:01:00Z,True,True,3.11
2616400,,52817,47494,best-of-3,2024-02-03T09:35:00Z,True,True,3.2
2754511,,340,47499,best-of-3,2025-02-09T22:45:00Z,True,True,3.38
2644389,,47380,353,best-of-1,2024-03-22T17:41:00Z,True,True,3.4
2783965,,47757,48173,best-of-1,2025-04-19T17:55:00Z,True,True,3.43
2755245,,52905,375,best-of-5,2025-02-24T10:21:00Z,True,True,3.39
2644366,,47435,47376,best-of-1,2024-03-11T18:16:00Z,True,True,3.3
2820992,,407,47558,best-of-3,2025-08-10T05:59:47.172Z,True,True,3.47
2825339,,52726,47509,best-of-3,2025-08-03T09:07:00Z,True,True,3.47
2616401,,406,52747,best-of-3,2024-02-04T06:00:00Z,True,True,3.2
2754510,,47497,47351,best-of-1,2025-02-03T02:47:00Z,True,True,3.38
2644388,,52661,47376,best-of-1,2024-03-22T16:48:00Z,True,True,3.4
2783964,,48070,3389,best-of-1,2025-04-19T17:03:00Z,True,True,3.43
2755244,,52606,356,best-of-5,2025-02-24T06:07:00Z,True,True,3.39
2644367,,47380,53165,best-of-1,2024-03-11T19:14:00Z,True,True,3.3
2820993,,3483,48179,best-of-3,2025-08-10T08:11:42.926Z,True,True,3.47
2825338,,52796,20483,best-of-3,2025-08-02T12:10:00Z,True,True,3.47
2682778,,407,4035,best-of-3,2024-07-21T06:00:00Z,True,True,3.11
2852985,,47472,20483,best-of-5,2025-09-14T09:09:00Z,True,True,3.47
2785275,,368,52910,best-of-3,2025-03-31T09:19:00Z,True,True,3.43
2780974,,47319,52606,best-of-1,2025-03-28T08:06:00Z,True,True,3.43
2616397,,3483,47558,best-of-3,2024-02-02T08:00:00Z,True,True,3.2
2784464,,340,54198,best-of-1,2025-04-19T20:02:00Z,True,True,3.43
2616378,,47558,52747,best-of-3,2024-01-20T08:31:00Z,True,True,3.1
2759908,,47380,52661,best-of-1,2025-01-19T20:21:00Z,True,True,3.30
2682797,,47961,4035,best-of-3,2024-08-03T08:51:00Z,True,True,3.11
2671091,,47370,47435,best-of-1,2024-06-16T15:04:00Z,True,True,3.6
2825380,,3113,47509,best-of-3,2025-08-21T09:04:00Z,True,True,3.47
2682810,,407,47961,best-of-3,2024-08-14T08:00:00Z,True,True,3.12
2616456,,407,406,best-of-3,2024-03-21T08:00:00Z,True,True,3.4
2805673,,47380,47619,best-of-5,2025-05-26T15:02:00Z,True,True,3.44
2755213,,47514,47319,best-of-5,2025-01-14T09:20:00Z,True,True,3.30
2748708,,353,47370,best-of-1,2025-01-26T17:54:00Z,True,True,3.35
2825046,,340,53073,best-of-5,2025-08-31T20:00:07.492Z,True,True,3.47
2781261,,53165,53168,best-of-3,2025-04-19T16:41:00Z,True,True,3.43
2821005,,52747,47558,best-of-3,2025-08-20T10:27:11.790Z,True,True,3.47
2825103,,47389,48173,best-of-5,2025-08-16T16:07:40.719Z,True,True,3.47
2616440,,47494,47558,best-of-3,2024-03-09T05:09:00Z,True,True,3.4
2682806,,3483,4035,best-of-3,2024-08-10T06:00:00Z,True,True,3.11
2815720,,406,47558,best-of-5,2025-06-13T08:12:18.111Z,True,True,3.45
2671087,,47376,106,best-of-1,2024-06-15T15:59:00Z,True,True,3.6
2705948,,52796,368,best-of-3,2024-07-12T07:13:00Z,True,True,3.10
2618848,,52572,53073,best-of-1,2024-01-27T23:19:00Z,True,True,3.2
2682739,,52747,3483,best-of-3,2024-06-19T08:00:00Z,True,True,3.7
2821013,,47494,407,best-of-3,2025-08-24T08:22:37.790Z,True,True,3.47
2781277,,47380,353,best-of-3,2025-05-10T15:05:00Z,True,True,3.44
2765826,,53165,47380,best-of-5,2025-02-24T17:03:00Z,True,True,3.39
2825115,,52573,47960,best-of-5,2025-09-05T16:07:17.918Z,True,True,3.47
2689899,,52541,47351,best-of-3,2024-07-27T20:01:00Z,True,True,3.11
2783972,,3389,48173,best-of-1,2025-04-21T16:54:00Z,True,True,3.43
2721955,,52905,368,best-of-5,2024-08-10T10:11:00Z,True,True,3.16
2754506,,52416,47499,best-of-3,2025-02-01T23:43:00Z,True,True,3.38
2616417,,47961,47558,best-of-3,2024-02-22T10:30:00Z,True,True,3.2
2820985,,52817,4035,best-of-3,2025-08-06T10:14:54.926Z,True,True,3.47
2644371,,47380,47435,best-of-1,2024-03-16T17:45:00Z,True,True,3.4
2784472,,47499,52416,best-of-1,2025-04-20T22:47:00Z,True,True,3.43
2616381,,406,4035,best-of-3,2024-01-24T07:59:00Z,True,True,3.2
2780962,,47509,52822,best-of-1,2025-03-26T08:06:00Z,True,True,3.43
2682781,,52817,47558,best-of-3,2024-07-24T10:36:00Z,True,True,3.11
2618864,,53073,47497,best-of-1,2024-02-04T22:35:00Z,True,True,3.2
2825355,,52606,47509,best-of-3,2025-08-10T09:04:00Z,True,True,3.47
2705964,,52606,52910,best-of-3,2024-07-17T09:11:00Z,True,True,3.11
2755229,,47514,52905,best-of-5,2025-02-08T09:17:00Z,True,True,3.38
2671101,,106,47435,best-of-1,2024-06-23T15:05:00Z,True,True,3.7
2788216,,52910,47514,best-of-3,2025-04-25T09:17:00Z,True,True,3.43
2687002,,52910,356,best-of-3,2024-06-13T11:12:00Z,True,True,3.17
2782498,,407,47494,best-of-5,2025-06-14T06:12:51.520Z,True,True,3.45
2754341,,48179,47494,best-of-3,2025-01-16T11:04:00Z,True,True,3.30
2782477,,4035,47494,best-of-3,2025-05-22T10:05:00Z,True,True,3.44
2705933,,52726,52905,best-of-3,2024-07-07T11:13:00Z,True,True,3.10
2686994,,3113,52822,best-of-3,2024-06-08T11:13:00Z,True,True,3.16
2618425,,47380,53165,best-of-1,2024-01-14T18:48:00Z,True,True,3.1
2788241,,52796,52910,best-of-3,2025-05-06T09:12:00Z,True,True,3.43
2706020,,375,20483,best-of-3,2024-07-26T09:25:00Z,True,True,3.11
2796176,,340,53073,best-of-3,2025-05-03T20:00:40.824Z,True,True,3.43
2788168,,52606,356,best-of-3,2025-04-05T10:56:00Z,True,True,3.43
2782420,,407,4035,best-of-3,2025-04-12T08:22:00Z,True,True,3.43
2682742,,4035,47961,best-of-3,2024-06-20T10:30:00Z,True,True,3.7
2788187,,356,52796,best-of-3,2025-04-12T12:51:00Z,True,True,3.43
2728934,,4035,407,best-of-5,2024-09-13T07:59:00Z,True,True,3.17
2809514,,52606,52822,best-of-5,2025-05-27T09:06:00Z,True,True,3.44
2825314,,52910,52822,best-of-3,2025-07-23T11:11:00Z,True,True,3.47
2783948,,48173,48070,best-of-1,2025-04-05T18:19:00Z,True,True,3.43
2788257,,356,52905,best-of-3,2025-05-13T09:12:00Z,True,True,3.44
2618433,,47435,353,best-of-1,2024-01-20T16:55:00Z,True,True,3.1
2686982,,375,47922,best-of-3,2024-06-02T11:10:00Z,True,True,3.5
2662445,,47370,52661,best-of-3,2024-04-01T15:01:00Z,True,True,3.4
2764759,,47363,47351,best-of-3,2025-02-22T22:13:00Z,True,True,3.39
2784448,,47351,52416,best-of-1,2025-04-12T20:01:00Z,True,True,3.43
2780958,,369,47514,best-of-1,2025-03-25T10:00:00Z,True,True,3.43
2788191,,47319,3113,best-of-3,2025-04-14T09:20:00Z,True,True,3.45
2682754,,3483,4035,best-of-3,2024-06-28T08:00:00Z,True,True,3.8
2782436,,3483,47558,best-of-3,2025-04-24T08:00:00Z,True,True,3.43
2705972,,368,47514,best-of-3,2024-07-19T09:25:00Z,True,True,3.16
2825343,,52606,52905,best-of-3,2025-08-05T09:05:00Z,True,True,3.47
2618872,,47497,47351,best-of-1,2024-02-11T21:05:00Z,True,True,3.2
2833782,,47380,353,best-of-3,2025-08-25T15:01:29.254Z,True,True,3.47
2618464,,353,47380,best-of-1,2024-01-29T18:48:00Z,True,True,3.2
2788200,,47472,52796,best-of-3,2025-04-18T12:16:00Z,True,True,3.43
2796137,,48070,52573,best-of-3,2025-04-27T15:02:00Z,True,True,3.43
2689909,,47351,47363,best-of-3,2024-08-04T20:00:00Z,True,True,3.11
2687014,,52606,52796,best-of-3,2024-06-19T11:10:00Z,True,True,3.16
2782461,,4035,47558,best-of-3,2025-05-10T08:06:00Z,True,True,3.44
2754357,,52817,407,best-of-3,2025-01-26T08:28:00Z,True,True,3.35
2748724,,47376,53165,best-of-1,2025-02-02T18:56:00Z,True,True,3.38
2780978,,20483,47319,best-of-1,2025-03-28T12:04:00Z,True,True,3.43
2682774,,407,47961,best-of-3,2024-07-19T08:00:00Z,True,True,3.11
2782416,,407,47494,best-of-3,2025-04-10T10:26:00Z,True,True,3.43
2847267,,47558,406,best-of-5,2025-09-28T05:23:16.492Z,True,True,3.47
2796140,,47389,52573,best-of-3,2025-05-03T16:51:49.824Z,True,True,3.43
2706016,,47472,47319,best-of-3,2024-07-25T09:09:00Z,True,True,3.16
2616374,,4035,407,best-of-3,2024-01-18T10:50:00Z,True,True,3.1
2783968,,48070,47960,best-of-1,2025-04-20T16:50:00Z,True,True,3.43
2644384,,47380,53168,best-of-1,2024-03-18T17:41:00Z,True,True,3.4
2820970,,4035,48179,best-of-3,2025-07-26T06:00:11.698Z,True,True,3.47
2825334,,47514,52796,best-of-3,2025-08-01T09:08:00Z,True,True,3.47
2755248,,20483,375,best-of-5,2025-03-01T09:09:00Z,True,True,3.39
2782441,,47961,47558,best-of-3,2025-04-26T09:10:00Z,True,True,3.43
2821009,,47961,48179,best-of-3,2025-08-22T10:51:43.790Z,True,True,3.47
2748704,,53168,47619,best-of-1,2025-01-25T19:06:00Z,True,True,3.35
2781282,,106,47619,best-of-3,2025-05-12T16:46:00Z,True,True,3.44
2760297,,53168,53165,best-of-1,2025-01-20T20:40:00Z,True,True,3.30
2689883,,52572,53073,best-of-3,2024-06-16T21:39:00Z,True,True,3.6
2687034,,47509,52796,best-of-3,2024-06-28T11:11:00Z,True,True,3.8
2618444,,47619,52661,best-of-1,2024-01-21T16:01:00Z,True,True,3.1
2620568,,20483,52822,best-of-3,2024-02-29T12:00:00Z,True,True,3.16
2788220,,52905,20483,best-of-3,2025-04-27T07:44:00Z,True,True,3.44
2620587,,368,375,best-of-3,2024-03-04T09:09:00Z,True,True,3.17
2705952,,47472,47922,best-of-3,2024-07-13T07:12:00Z,True,True,3.10
2671072,,47370,52661,best-of-1,2024-06-08T17:11:00Z,True,True,3.8
2825363,,356,20483,best-of-3,2025-08-13T11:57:00Z,True,True,3.47
2705051,,52661,47380,best-of-5,2024-07-27T15:02:00Z,True,True,3.11
2618852,,47363,52572,best-of-1,2024-01-28T22:48:00Z,True,True,3.2
2780939,,47509,52910,best-of-1,2025-03-22T10:13:00Z,True,True,3.43
2748712,,47370,106,best-of-1,2025-01-27T17:03:00Z,True,True,3.35
2754361,,52817,48179,best-of-3,2025-02-01T09:09:00Z,True,True,3.38
2682735,,52817,3483,best-of-3,2024-06-15T06:00:00Z,True,True,3.6
2782457,,52747,47558,best-of-3,2025-05-08T10:10:00Z,True,True,3.44
2687022,,356,47319,best-of-3,2024-06-22T11:09:00Z,True,True,3.7
2811016,,47472,356,best-of-5,2025-06-13T09:09:00Z,True,True,3.45
2689895,,47363,47499,best-of-3,2024-07-20T20:02:00Z,True,True,3.11
2825119,,52573,53073,best-of-5,2025-09-14T20:06:18.922Z,True,True,3.47
2704969,,53165,47380,best-of-3,2024-07-13T17:42:00Z,True,True,3.10
2788236,,47472,375,best-of-3,2025-05-03T13:00:00Z,True,True,3.43
2618452,,47380,53168,best-of-1,2024-01-27T19:02:00Z,True,True,3.2
2618844,,52541,47499,best-of-1,2024-01-21T22:56:00Z,True,True,3.1
2705047,,52661,53168,best-of-3,2024-07-23T15:01:00Z,True,True,3.11
2825375,,52726,52905,best-of-3,2025-08-19T09:05:00Z,True,True,3.47
2705944,,47922,3113,best-of-3,2024-07-11T09:09:00Z,True,True,3.10
2682762,,47961,48179,best-of-3,2024-07-11T08:00:00Z,True,True,3.10
2780981,,375,47514,best-of-1,2025-03-29T09:09:00Z,True,True,3.43
2796156,,47389,3389,best-of-5,2025-06-08T16:06:32.111Z,True,True,3.45
2820966,,3483,4035,best-of-3,2025-07-24T07:59:51.698Z,True,True,3.47
2644238,,52817,3483,best-of-3,2024-02-26T06:00:00Z,True,True,3.2
2721959,,52905,52822,best-of-5,2024-08-15T10:12:00Z,True,True,3.20
2788261,,20483,52905,best-of-3,2025-05-15T09:16:00Z,True,True,3.44
2820989,,407,406,best-of-3,2025-08-08T10:20:32.172Z,True,True,3.47
2782494,,48179,52747,best-of-3,2025-06-01T08:00:00Z,True,True,3.44
2689913,,52572,47499,best-of-3,2024-08-11T21:46:00Z,True,True,3.11
2652051,,52541,47499,best-of-1,2024-03-10T23:41:00Z,True,True,3.4
2781257,,47619,52661,best-of-3,2025-04-13T16:54:00Z,True,True,3.43
2755225,,47472,47319,best-of-5,2025-01-25T09:20:00Z,True,True,3.35
2705968,,52726,356,best-of-3,2024-07-18T11:09:00Z,True,True,3.17
2833777,,55749,47370,best-of-3,2025-08-17T15:01:00Z,True,True,3.47
2825359,,368,52905,best-of-3,2025-08-12T09:04:00Z,True,True,3.47
2618868,,52541,47351,best-of-1,2024-02-10T21:05:00Z,True,True,3.2
2616460,,48179,406,best-of-3,2024-03-23T06:01:00Z,True,True,3.4
2618887,,47363,47499,best-of-1,2024-03-09T22:53:00Z,True,True,3.3
2810851,,47435,53165,best-of-5,2025-06-01T15:01:00Z,True,True,3.45
2784452,,47497,52416,best-of-1,2025-04-13T20:00:00Z,True,True,3.43
2825027,,54198,47351,best-of-3,2025-07-26T21:46:03.364Z,True,True,3.47
2723677,,407,47494,best-of-5,2024-08-24T06:01:00Z,True,True,3.14
2780942,,47509,356,best-of-1,2025-03-22T12:57:00Z,True,True,3.43
2783952,,47757,48070,best-of-1,2025-04-06T17:44:00Z,True,True,3.43
2618429,,47380,106,best-of-1,2024-01-15T17:00:00Z,True,True,3.1
2686998,,3113,52905,best-of-3,2024-06-11T11:11:00Z,True,True,3.5
2616437,,4035,407,best-of-3,2024-03-07T07:32:00Z,True,True,3.4
2849605,,52822,20483,best-of-5,2025-09-08T06:07:00Z,True,True,3.47
2764755,,47757,340,best-of-3,2025-02-15T21:09:00Z,True,True,3.38
2662449,,47619,53168,best-of-3,2024-04-02T17:32:00Z,True,True,3.4
2788172,,47472,356,best-of-3,2025-04-06T13:08:00Z,True,True,3.43
2682758,,52817,4035,best-of-3,2024-06-30T06:02:00Z,True,True,3.8
2796183,,52416,54198,best-of-3,2025-05-11T21:41:34.977Z,True,True,3.44
2780954,,52606,3113,best-of-1,2025-03-24T12:04:00Z,True,True,3.43
2705929,,47514,20483,best-of-3,2024-07-05T12:51:00Z,True,True,3.10
2825318,,52726,368,best-of-3,2025-07-25T11:07:00Z,True,True,3.47
2616421,,47558,4035,best-of-3,2024-02-24T08:35:00Z,True,True,3.2
2754530,,54284,47389,best-of-3,2025-01-26T16:10:00Z,True,True,3.35
2721963,,375,356,best-of-5,2024-08-21T10:11:00Z,True,True,3.20
2687018,,3113,20483,best-of-3,2024-06-21T09:11:00Z,True,False,3.7
2689905,,47497,340,best-of-3,2024-07-28T20:01:00Z,True,True,3.11
2782482,,52817,52747,best-of-3,2025-05-25T05:59:00Z,True,True,3.44
2825123,,48173,340,best-of-5,2025-09-28T20:08:25.908Z,True,True,3.47
2825089,,52573,47960,best-of-3,2025-08-03T16:54:42.172Z,True,True,3.47
2748728,,47619,106,best-of-1,2025-02-03T17:52:00Z,True,True,3.38
2781241,,53168,47370,best-of-3,2025-03-30T15:01:00Z,True,True,3.43
2638031,,47499,47363,best-of-5,2024-03-17T20:00:00Z,True,True,3.4
2628898,,47619,47376,best-of-3,2024-02-04T17:41:00Z,True,True,3.2
2755233,,52726,47509,best-of-5,2025-02-11T09:17:00Z,True,True,3.38
2847565,,368,52796,best-of-5,2025-09-02T09:04:00Z,True,True,3.47
2796212,,53073,340,best-of-5,2025-05-24T20:00:23.334Z,True,True,3.44
2765390,,3483,47961,best-of-3,2025-02-07T07:59:00Z,True,True,3.38
2618891,,52572,47363,best-of-1,2024-03-10T20:04:00Z,True,True,3.3
2687013,,47472,52905,best-of-3,2024-06-19T09:12:00Z,True,True,3.7
2782489,,47494,52747,best-of-3,2025-05-30T08:00:00Z,True,True,3.44
2759562,,47370,52661,best-of-1,2025-01-18T18:06:00Z,True,True,3.35
2754350,,47558,52817,best-of-3,2025-01-23T07:58:00Z,True,True,3.35
2748723,,52661,53168,best-of-1,2025-02-02T17:54:00Z,True,True,3.38
2782466,,406,407,best-of-3,2025-05-15T08:00:00Z,True,True,3.44
2825344,,375,20483,best-of-3,2025-08-05T12:14:00Z,True,True,3.47
2618875,,47497,47499,best-of-1,2024-03-02T23:58:00Z,True,True,3.2
2705975,,368,375,best-of-3,2024-07-20T09:10:00Z,True,True,3.11
2755238,,368,375,best-of-5,2025-02-16T09:18:00Z,True,True,3.38
2618463,,47376,47435,best-of-1,2024-01-29T17:52:00Z,True,True,3.2
2788207,,47472,52910,best-of-3,2025-04-21T12:37:00Z,True,True,3.43
2671110,,47619,52661,best-of-1,2024-06-29T18:25:00Z,True,True,3.8
2833785,,55749,53168,best-of-3,2025-08-26T17:03:45.304Z,True,True,3.47
2706031,,356,20483,best-of-3,2024-07-30T11:09:00Z,True,True,3.17
2788196,,52910,375,best-of-3,2025-04-16T11:29:00Z,True,True,3.43
2782431,,52747,406,best-of-3,2025-04-19T08:09:00Z,True,True,3.43
2682753,,407,52817,best-of-3,2024-06-27T10:30:00Z,True,True,3.8
2632460,,47435,353,best-of-3,2024-02-10T16:01:00Z,True,True,3.2
2825313,,47514,375,best-of-3,2025-07-23T09:09:00Z,True,True,3.47
2788250,,52822,20483,best-of-3,2025-05-10T10:17:00Z,True,True,3.44
2722647,,52661,353,best-of-5,2024-08-17T15:01:00Z,True,True,3.12
2686985,,3113,20483,best-of-3,2024-06-04T09:10:00Z,True,True,3.5
2618434,,53165,53168,best-of-1,2024-01-20T19:49:00Z,True,True,3.1
2796171,,52416,47351,best-of-3,2025-04-27T20:00:00Z,True,True,3.43
2706027,,52822,47514,best-of-3,2024-07-28T11:10:00Z,True,True,3.11
2660039,,47619,47380,best-of-3,2024-03-31T16:45:00Z,True,True,3.4
2809513,,368,52910,best-of-5,2025-05-26T09:06:00Z,True,True,3.44
2728933,,47494,48179,best-of-5,2024-09-12T08:00:00Z,True,True,3.17
2780949,,52606,47319,best-of-1,2025-03-24T08:10:00Z,True,True,3.43
2682745,,52747,47961,best-of-3,2024-06-22T06:02:00Z,True,True,3.7
2782427,,407,52817,best-of-3,2025-04-17T10:06:00Z,True,True,3.43
2788180,,52606,52822,best-of-3,2025-04-10T09:21:00Z,True,True,3.43
2825305,,375,47472,best-of-3,2025-07-19T12:10:00Z,True,True,3.47
2705934,,52910,47509,best-of-3,2024-07-08T09:13:00Z,True,True,3.10
2618422,,47619,47435,best-of-1,2024-01-13T20:21:00Z,True,True,3.1
2686993,,20483,52905,best-of-3,2024-06-08T09:12:00Z,True,True,3.5
2783959,,47757,47960,best-of-1,2025-04-13T16:02:00Z,True,True,3.43
2788246,,375,52905,best-of-3,2025-05-08T11:24:00Z,True,True,3.44
2689918,,47351,340,best-of-5,2024-08-25T20:00:00Z,True,True,3.14
2687005,,52606,47509,best-of-3,2024-06-15T09:10:00Z,True,True,3.6
2782470,,52747,47961,best-of-3,2025-05-17T06:00:00Z,True,True,3.44
2754346,,407,406,best-of-3,2025-01-19T05:58:00Z,True,True,3.30
2705963,,47514,52905,best-of-3,2024-07-16T11:11:00Z,True,True,3.11
2618863,,47363,47351,best-of-1,2024-02-04T21:49:00Z,True,True,3.2
2825352,,356,52910,best-of-3,2025-08-09T07:06:00Z,True,True,3.47
2833793,,47370,53165,best-of-5,2025-09-13T15:00:52.688Z,True,True,3.47
2671106,,47376,47435,best-of-1,2024-06-29T15:04:00Z,True,True,3.8
2788211,,369,52726,best-of-3,2025-04-23T09:18:00Z,True,True,3.43
2682769,,4035,406,best-of-3,2024-07-14T08:35:00Z,True,True,3.10
2616386,,47961,4035,best-of-3,2024-01-26T11:20:00Z,True,True,3.2
2784475,,52416,47363,best-of-1,2025-04-21T21:33:00Z,True,True,3.43
2719604,,47922,52905,best-of-5,2024-08-04T10:09:00Z,True,True,3.17
2682786,,406,48179,best-of-3,2024-07-27T06:01:00Z,True,True,3.11
2616410,,406,47558,best-of-3,2024-02-17T06:01:00Z,True,True,3.2
2754501,,47499,47363,best-of-3,2025-01-26T22:53:00Z,True,True,3.35
2644399,,106,353,best-of-1,2024-03-25T16:57:00Z,True,True,3.4
2820982,,3483,52817,best-of-3,2025-08-03T05:59:24.364Z,True,True,3.47
2810964,,47376,53165,best-of-5,2025-06-02T15:01:00Z,True,True,3.45
2825329,,20483,52910,best-of-3,2025-07-30T09:09:00Z,True,True,3.47
2781270,,47370,52661,best-of-3,2025-04-28T17:01:00Z,True,True,3.43
2748719,,106,47380,best-of-1,2025-02-01T18:49:00Z,True,True,3.38
2821014,,47494,406,best-of-3,2025-08-27T07:59:13.836Z,True,True,3.47
2687029,,47922,375,best-of-3,2024-06-26T09:09:00Z,True,True,3.8
2825112,,47389,47960,best-of-5,2025-08-30T16:08:15.918Z,True,True,3.47
2765821,,47619,53165,best-of-3,2025-02-17T19:11:00Z,True,True,3.38
2618459,,106,52661,best-of-1,2024-01-28T17:20:00Z,True,True,3.2
2671080,,47376,47370,best-of-1,2024-06-10T15:04:00Z,True,True,3.8
2682801,,407,3483,best-of-3,2024-08-07T10:30:00Z,True,True,3.11
2616447,,52817,407,best-of-3,2024-03-14T10:34:00Z,True,True,3.4
2825391,,52910,47472,best-of-3,2025-08-26T09:05:00Z,True,True,3.47
2821002,,47558,406,best-of-3,2025-08-17T05:59:45.926Z,True,True,3.47
2825041,,47363,340,best-of-5,2025-08-17T20:00:23.790Z,True,True,3.47
2781266,,47619,47376,best-of-3,2025-04-26T16:46:00Z,True,True,3.43
2825104,,3389,52573,best-of-5,2025-08-17T16:08:42.754Z,True,True,3.47
2689922,,47497,340,best-of-5,2024-09-06T20:05:00Z,True,True,3.16
2825387,,52726,47509,best-of-3,2025-08-24T09:05:00Z,True,True,3.47
2616451,,407,47961,best-of-3,2024-03-16T09:48:00Z,True,True,3.4
2682817,,4035,47494,best-of-3,2024-08-17T09:01:00Z,True,True,3.12
2671096,,52661,106,best-of-1,2024-06-22T15:03:00Z,True,True,3.7
2671079,,47380,353,best-of-1,2024-06-09T18:56:00Z,True,True,3.5
2755214,,3113,52822,best-of-5,2025-01-15T09:25:00Z,True,True,3.30
2705959,,47472,369,best-of-3,2024-07-15T09:11:00Z,True,True,3.16
2618859,,340,47351,best-of-1,2024-02-03T21:55:00Z,True,True,3.2
2825368,,52910,52796,best-of-3,2025-08-16T07:09:00Z,True,True,3.47
2616390,,406,47494,best-of-3,2024-01-28T09:36:00Z,True,True,3.2
2780973,,52726,47472,best-of-1,2025-03-27T12:57:00Z,True,True,3.43
2682790,,48179,47494,best-of-3,2024-07-31T07:59:00Z,True,True,3.11
2618418,,52661,47380,best-of-1,2024-01-13T16:04:00Z,True,True,3.1
2783963,,52573,47389,best-of-1,2025-04-19T16:03:00Z,True,True,3.43
2616406,,52817,406,best-of-3,2024-02-15T10:35:00Z,True,True,3.2
2755243,,20483,52905,best-of-5,2025-02-22T10:27:00Z,True,True,3.39
2644360,,53168,353,best-of-1,2024-03-10T18:34:00Z,True,True,3.3
2820994,,407,47494,best-of-3,2025-08-13T08:03:43.926Z,True,True,3.47
2755234,,3113,369,best-of-5,2025-02-12T09:18:00Z,True,True,3.38
2618879,,52572,52541,best-of-1,2024-03-03T21:04:00Z,True,True,3.2
2833766,,53165,53168,best-of-3,2025-08-03T16:55:00Z,True,True,3.47
2825348,,368,52726,best-of-3,2025-08-07T09:04:00Z,True,True,3.47
2833789,,47619,47376,best-of-5,2025-09-08T15:01:11.688Z,True,True,3.47
2796215,,53073,47497,best-of-5,2025-06-01T20:01:21.111Z,True,True,3.44
2847562,,47514,52905,best-of-5,2025-08-30T09:05:00Z,True,True,3.47
2765817,,53168,47380,best-of-3,2025-02-15T18:52:00Z,True,True,3.38
2782485,,4035,3483,best-of-3,2025-05-28T07:58:00Z,True,True,3.44
2821022,,52747,407,best-of-3,2025-08-31T06:00:01.347Z,True,True,3.47
2781246,,106,47370,best-of-3,2025-04-05T12:01:00Z,True,True,3.43
2618438,,353,52661,best-of-1,2024-01-22T16:01:00Z,True,True,3.1
2686989,,47922,369,best-of-3,2024-06-06T09:10:00Z,True,True,3.16
2721964,,52726,52822,best-of-5,2024-08-22T10:12:00Z,True,True,3.18
2754537,,47960,52573,best-of-3,2025-02-09T16:05:00Z,True,True,3.38
2616426,,52817,48179,best-of-3,2024-02-29T06:08:00Z,True,True,3.2
2788175,,47514,375,best-of-3,2025-04-08T09:20:00Z,True,True,3.43
2825036,,53073,47497,best-of-3,2025-08-09T20:00:08.172Z,True,True,3.47
2780953,,20483,52606,best-of-1,2025-03-24T11:15:00Z,True,True,3.43
2796184,,47351,340,best-of-3,2025-05-17T20:00:22.681Z,True,True,3.44
2644356,,47619,353,best-of-1,2024-03-09T19:43:00Z,True,True,3.3
2705938,,52796,47514,best-of-3,2024-07-09T11:16:00Z,True,True,3.10
2618838,,47351,52541,best-of-1,2024-01-20T21:07:00Z,True,True,3.1
2825309,,3113,52606,best-of-3,2025-07-21T09:07:00Z,True,True,3.47
2616430,,3483,52747,best-of-3,2024-03-02T04:08:00Z,True,True,3.2
2682749,,47494,47961,best-of-3,2024-06-26T07:59:00Z,True,True,3.8
2780945,,368,52726,best-of-1,2025-03-23T10:01:00Z,True,True,3.43
2784455,,47351,47499,best-of-1,2025-04-13T22:42:00Z,True,True,3.43
2755222,,369,52796,best-of-5,2025-01-23T09:16:00Z,True,True,3.35
2805212,,47435,47370,best-of-1,2025-05-13T18:00:00Z,True,True,3.44
2717817,,47619,47380,best-of-5,2024-08-11T15:01:00Z,True,True,3.11
2618880,,47363,47351,best-of-1,2024-03-04T00:03:00Z,True,True,3.2
2616467,,47494,406,best-of-5,2024-04-04T08:06:00Z,True,True,3.4
2687009,,3113,52822,best-of-3,2024-06-17T09:09:00Z,True,True,3.6
2689914,,47499,47497,best-of-5,2024-08-17T20:00:00Z,True,True,3.12
2782493,,4035,406,best-of-3,2025-06-01T05:59:00Z,True,True,3.44
2825098,,52573,3389,best-of-3,2025-08-10T16:55:44.927Z,True,True,3.47
2759578,,53168,353,best-of-1,2025-01-18T19:02:00Z,True,True,3.35
2781250,,53165,47376,best-of-3,2025-04-06T16:48:00Z,True,True,3.43
2825077,,47757,3389,best-of-3,2025-07-26T17:00:57.364Z,True,True,3.47
2788266,,356,52796,best-of-3,2025-05-17T11:32:00Z,True,True,3.44
2825325,,368,47509,best-of-3,2025-07-28T09:07:00Z,True,True,3.47
2780969,,52796,52726,best-of-1,2025-03-27T09:15:00Z,True,True,3.43
2682765,,406,47494,best-of-3,2024-07-12T10:34:00Z,True,True,3.10
2782407,,406,407,best-of-3,2025-04-04T08:01:52.382Z,True,True,3.43
2796151,,47389,48173,best-of-5,2025-05-25T16:07:46.334Z,True,True,3.45
2788231,,47472,20483,best-of-3,2025-05-01T11:32:00Z,True,True,3.43
2618455,,47435,47370,best-of-1,2024-01-28T16:06:00Z,True,True,3.2
2618843,,52572,340,best-of-1,2024-01-21T21:54:00Z,True,True,3.1
2825372,,356,375,best-of-3,2025-08-17T10:59:00Z,True,True,3.47
2705040,,353,47376,best-of-3,2024-07-14T15:01:00Z,True,True,3.10
2782450,,47558,48179,best-of-3,2025-05-03T06:00:00Z,True,True,3.43
2682732,,52817,47961,best-of-3,2024-06-13T10:44:00Z,True,True,3.10
2821018,,47961,4035,best-of-3,2025-08-29T08:00:07.312Z,True,True,3.47
2783611,,47363,47497,best-of-1,2025-04-06T21:14:00Z,True,True,3.43
2748715,,53165,47435,best-of-1,2025-01-27T19:50:00Z,True,True,3.35
2687025,,47509,52606,best-of-3,2024-06-24T09:11:00Z,True,True,3.7
2689892,,47499,340,best-of-3,2024-06-28T21:28:00Z,True,True,3.8
2811011,,52796,52910,best-of-5,2025-06-05T09:06:00Z,True,True,3.45
2618443,,53168,353,best-of-1,2024-01-21T18:45:00Z,True,True,3.1
2825364,,47509,52905,best-of-3,2025-08-14T09:05:00Z,True,True,3.47
2618855,,47363,52541,best-of-1,2024-02-02T22:04:00Z,True,True,3.2
2705955,,52606,3113,best-of-3,2024-07-14T07:10:00Z,True,True,3.10
2755218,,47472,52905,best-of-5,2025-01-19T09:21:00Z,True,True,3.30
2671075,,52661,47435,best-of-1,2024-06-09T15:04:00Z,True,True,3.5
2754370,,406,47494,best-of-5,2025-02-13T07:59:00Z,True,True,3.38
2724422,,47380,47619,best-of-5,2024-08-31T16:06:00Z,True,True,3.16
2783607,,53073,47499,best-of-1,2025-04-05T21:15:00Z,True,True,3.43
2748703,,52661,47435,best-of-1,2025-01-25T18:05:00Z,True,True,3.35
2782446,,407,47558,best-of-3,2025-05-01T08:00:00Z,True,True,3.43
2689884,,52572,47351,best-of-3,2024-06-22T20:05:00Z,True,True,3.7
2811007,,375,356,best-of-5,2025-06-02T09:08:00Z,True,True,3.44
2687033,,52606,47514,best-of-3,2024-06-28T09:10:00Z,True,True,3.8
2825108,,47960,48070,best-of-5,2025-08-23T16:08:10.595Z,True,True,3.47
2788270,,52905,52796,best-of-3,2025-05-19T11:28:00Z,True,True,3.45
2644383,,47370,47376,best-of-1,2024-03-18T16:55:00Z,True,True,3.4
2820977,,52747,406,best-of-3,2025-07-31T10:24:23.364Z,True,True,3.47
2820998,,52817,3483,best-of-3,2025-08-15T07:59:30.926Z,True,True,3.47
2825333,,52822,356,best-of-3,2025-07-31T12:06:00Z,True,True,3.47
2782411,,407,48179,best-of-3,2025-04-06T06:00:41.745Z,True,True,3.43
2682773,,52747,47558,best-of-3,2024-07-18T11:16:00Z,True,True,3.11
2616373,,52817,48179,best-of-3,2024-01-18T08:06:00Z,True,True,3.1
2847260,,47558,407,best-of-5,2025-09-13T06:04:55.921Z,True,True,3.47
2706011,,52822,356,best-of-3,2024-07-23T09:10:00Z,True,True,3.17
2796147,,3389,47389,best-of-3,2025-05-17T15:04:44.205Z,True,True,3.44
2782410,,3483,52747,best-of-3,2025-04-05T08:59:49.382Z,True,True,3.43
2682772,,4035,47494,best-of-3,2024-07-18T08:00:00Z,True,True,3.11
2616372,,47494,47558,best-of-3,2024-01-17T10:59:00Z,True,True,3.1
2706010,,52606,47509,best-of-3,2024-07-22T11:12:00Z,True,True,3.16
2814253,,48179,407,best-of-5,2025-06-07T05:59:03.520Z,True,True,3.45
2796146,,52573,47960,best-of-3,2025-05-11T17:47:06.824Z,True,True,3.44
2788271,,47514,47472,best-of-3,2025-05-20T09:16:00Z,True,True,3.44
2820976,,52817,4035,best-of-3,2025-07-31T08:00:08.364Z,True,True,3.47
2820999,,406,47494,best-of-3,2025-08-15T11:08:11.172Z,True,True,3.47
2754371,,48179,52747,best-of-5,2025-02-15T05:59:00Z,True,True,3.38
2724423,,47380,47376,best-of-5,2024-09-01T16:07:00Z,True,True,3.16
2748702,,106,47376,best-of-1,2025-01-25T17:05:00Z,True,True,3.35
2783606,,47363,340,best-of-1,2025-04-05T20:08:00Z,True,True,3.43
2782447,,47961,52817,best-of-3,2025-05-01T10:10:00Z,True,True,3.43
2811006,,52822,52796,best-of-5,2025-06-01T09:12:00Z,True,True,3.45
2689885,,47497,47499,best-of-3,2024-06-22T21:50:00Z,True,True,3.7
2687032,,368,356,best-of-3,2024-06-27T11:10:00Z,True,True,3.30
2825109,,47757,54284,best-of-5,2025-08-24T16:07:07.595Z,True,True,3.47
2618442,,47376,53168,best-of-1,2024-01-22T16:54:00Z,True,True,3.1
2788226,,52822,356,best-of-3,2025-04-29T12:57:00Z,True,True,3.43
2825365,,47514,52910,best-of-3,2025-08-14T12:04:00Z,True,True,3.47
2705954,,52905,52822,best-of-3,2024-07-13T11:11:00Z,True,True,3.10
2755219,,3113,52796,best-of-5,2025-01-20T09:22:00Z,True,True,3.30
2671074,,53165,47376,best-of-1,2024-06-08T18:55:00Z,True,True,3.8
2782451,,4035,47961,best-of-3,2025-05-03T08:23:00Z,True,True,3.45
2821019,,52747,406,best-of-3,2025-08-29T11:05:47.312Z,True,True,3.47
2682733,,4035,47558,best-of-3,2024-06-14T08:05:00Z,True,True,3.6
2748714,,47380,53168,best-of-1,2025-01-27T19:03:00Z,True,True,3.35
2783610,,53073,47351,best-of-1,2025-04-06T20:02:00Z,True,True,3.43
2687024,,375,52726,best-of-3,2024-06-23T11:10:00Z,True,True,3.16
2634868,,47619,47370,best-of-3,2024-02-12T16:01:00Z,True,True,3.2
2788230,,47514,375,best-of-3,2025-05-01T09:17:00Z,True,True,3.43
2618454,,106,53165,best-of-1,2024-01-27T19:53:00Z,True,True,3.2
2618842,,47497,47351,best-of-1,2024-01-21T21:03:00Z,True,True,3.1
2825373,,47514,52822,best-of-3,2025-08-18T09:04:00Z,True,True,3.47
2705041,,47380,52661,best-of-3,2024-07-14T16:44:00Z,True,True,3.10
2780968,,368,47472,best-of-1,2025-03-27T08:05:00Z,True,True,3.43
2682764,,4035,407,best-of-3,2024-07-12T08:00:00Z,True,True,3.10
2782406,,48179,4035,best-of-3,2025-04-03T10:19:32.382Z,True,True,3.43
2644402,,53165,52661,best-of-1,2024-03-25T19:08:00Z,True,True,3.4
2796150,,52573,47757,best-of-3,2025-05-18T17:43:11.681Z,True,True,3.44
2788267,,375,52606,best-of-3,2025-05-18T09:16:00Z,True,True,3.44
2825324,,20483,52822,best-of-3,2025-07-27T11:05:00Z,True,True,3.47
2687008,,375,369,best-of-3,2024-06-16T11:09:00Z,True,True,3.6
2782492,,52817,47558,best-of-3,2025-05-31T08:10:00Z,True,True,3.44
2689915,,52541,340,best-of-5,2024-08-18T20:00:00Z,True,True,3.12
2781251,,106,53168,best-of-3,2025-04-07T15:01:00Z,True,True,3.43
2825076,,48070,47389,best-of-3,2025-07-26T15:09:34.364Z,True,True,3.47
2851767,,356,47472,best-of-5,2025-09-09T09:06:00Z,True,True,3.47
2833771,,47380,47435,best-of-3,2025-08-09T15:01:04.055Z,True,True,3.47
2717816,,47376,52661,best-of-5,2024-08-10T15:03:00Z,True,True,3.11
2616466,,47558,48179,best-of-5,2024-04-03T08:05:00Z,True,True,3.4
2618881,,47499,53073,best-of-1,2024-03-03T23:01:00Z,True,True,3.2
2682748,,407,406,best-of-3,2024-06-23T08:30:00Z,True,True,3.7
2780944,,52726,52796,best-of-1,2025-03-23T09:10:00Z,True,True,3.43
2784454,,47363,54198,best-of-1,2025-04-13T21:47:00Z,True,True,3.43
2644357,,47370,52661,best-of-1,2024-03-10T16:05:00Z,True,True,3.3
2705939,,47472,52606,best-of-3,2024-07-10T09:13:00Z,True,True,3.10
2618839,,340,53073,best-of-1,2024-01-20T22:27:00Z,True,True,3.1
2825308,,375,52822,best-of-3,2025-07-20T11:04:00Z,True,True,3.47
2616431,,52817,47494,best-of-3,2024-03-02T07:17:00Z,True,True,3.2
2783954,,47960,48173,best-of-1,2025-04-12T16:06:00Z,True,True,3.43
2788174,,375,52822,best-of-3,2025-04-07T12:51:00Z,True,True,3.43
2849603,,52796,356,best-of-5,2025-09-07T06:07:00Z,True,True,3.47
2825037,,54198,340,best-of-3,2025-08-09T22:32:03.927Z,True,True,3.47
2796185,,53073,47363,best-of-3,2025-05-18T20:00:21.205Z,True,True,3.44
2618439,,47370,47380,best-of-1,2024-01-22T18:38:00Z,True,True,3.1
2686988,,52796,47509,best-of-3,2024-06-05T11:13:00Z,True,True,3.5
2721965,,52822,375,best-of-5,2024-08-24T10:13:00Z,True,True,3.18
2754536,,48610,54284,best-of-1,2025-02-02T22:07:00Z,True,True,3.38
2616427,,52747,47961,best-of-3,2024-02-29T08:22:00Z,True,True,3.2
2765816,,47435,47376,best-of-3,2025-02-15T17:06:00Z,True,True,3.38
2689903,,47363,52572,best-of-3,2024-07-28T22:21:00Z,True,True,3.11
2821023,,47961,52817,best-of-3,2025-08-31T08:23:45.347Z,True,True,3.47
2781247,,53165,52661,best-of-3,2025-04-05T14:00:00Z,True,True,3.43
2755235,,52905,47319,best-of-5,2025-02-13T09:18:00Z,True,True,3.38
2705978,,47514,52726,best-of-3,2024-07-21T11:09:00Z,True,True,3.11
2618878,,340,47497,best-of-1,2024-03-03T22:09:00Z,True,True,3.2
2825349,,52606,52905,best-of-3,2025-08-07T11:11:00Z,True,True,3.47
2833767,,353,47376,best-of-3,2025-08-04T15:01:34.055Z,True,True,3.47
2833788,,47435,47370,best-of-5,2025-09-05T15:03:00Z,True,True,3.47
2847563,,47509,52910,best-of-5,2025-08-31T09:32:00Z,True,True,3.47
2796214,,47499,47363,best-of-5,2025-05-31T20:01:25.520Z,True,True,3.45
2618419,,106,353,best-of-1,2024-01-13T17:00:00Z,True,True,3.1
2783962,,48070,47389,best-of-1,2025-04-13T18:41:00Z,True,True,3.43
2755242,,52606,52796,best-of-5,2025-02-22T06:06:00Z,True,True,3.39
2644361,,47619,47380,best-of-1,2024-03-10T19:26:00Z,True,True,3.3
2820995,,4035,3483,best-of-3,2025-08-13T10:03:05.172Z,True,True,3.47
2780972,,52796,368,best-of-1,2025-03-27T12:05:00Z,True,True,3.43
2785273,,368,47514,best-of-1,2025-03-30T09:18:00Z,True,True,3.43
2682791,,407,406,best-of-3,2024-07-31T11:40:00Z,True,True,3.11
2825386,,47472,52822,best-of-3,2025-08-23T11:46:00Z,True,True,3.47
2682816,,407,48179,best-of-3,2024-08-17T06:00:00Z,True,True,3.12
2616450,,3483,4035,best-of-3,2024-03-16T05:58:00Z,True,True,3.4
2671097,,47435,353,best-of-1,2024-06-22T15:53:00Z,True,True,3.7
2671078,,47376,53168,best-of-1,2024-06-09T17:58:00Z,True,True,3.5
2755215,,368,20483,best-of-5,2025-01-16T09:19:00Z,True,True,3.30
2705958,,375,52726,best-of-3,2024-07-14T11:10:00Z,True,True,3.10
2618858,,47499,47363,best-of-1,2024-02-03T21:02:00Z,True,True,3.2
2825369,,3113,52606,best-of-3,2025-08-16T09:57:00Z,True,True,3.47
2821003,,48179,52817,best-of-3,2025-08-17T09:03:16.971Z,True,True,3.47
2682729,,48179,406,best-of-3,2024-06-12T08:06:00Z,True,True,3.6
2781267,,47380,47376,best-of-3,2025-04-27T13:14:00Z,True,True,3.43
2689923,,47363,340,best-of-5,2024-09-07T20:10:00Z,True,True,3.16
2689889,,47497,47363,best-of-3,2024-06-27T21:50:00Z,True,True,3.8
2618458,,53165,353,best-of-1,2024-01-28T20:19:00Z,True,True,3.2
2671081,,53168,353,best-of-1,2024-06-10T15:55:00Z,True,True,3.5
2796222,,47351,340,best-of-5,2025-06-15T20:08:39.111Z,True,True,3.45
2616446,,47961,4035,best-of-3,2024-03-14T07:59:00Z,True,True,3.4
2682800,,47961,47558,best-of-3,2024-08-07T07:59:00Z,True,True,3.11
2825390,,47514,356,best-of-3,2025-08-25T11:49:00Z,True,True,3.47
2781271,,47376,52661,best-of-3,2025-05-03T15:03:00Z,True,True,3.43
2748718,,53168,47376,best-of-1,2025-02-01T17:54:00Z,True,True,3.38
2821015,,3483,4035,best-of-3,2025-08-27T11:14:39.595Z,True,True,3.47
2687028,,20483,52822,best-of-3,2024-06-25T11:27:00Z,True,True,3.7
2765820,,47376,47380,best-of-3,2025-02-17T17:11:00Z,True,True,3.38
2616411,,47961,48179,best-of-3,2024-02-17T08:40:00Z,True,True,3.2
2783974,,54284,47757,best-of-1,2025-04-21T18:54:00Z,True,True,3.43
2644398,,47435,53168,best-of-1,2024-03-25T15:54:00Z,True,True,3.4
2820983,,52747,47558,best-of-3,2025-08-03T08:26:09.698Z,True,True,3.47
2644377,,106,47370,best-of-1,2024-03-17T16:53:00Z,True,True,3.4
2825328,,47472,47514,best-of-3,2025-07-29T11:55:00Z,True,True,3.47
2637989,,47619,47380,best-of-5,2024-02-18T16:07:00Z,True,True,3.2
2682768,,47961,3483,best-of-3,2024-07-14T06:00:00Z,True,True,3.10
2616387,,48179,47558,best-of-3,2024-01-27T06:01:00Z,True,True,3.30
2780964,,52822,356,best-of-1,2025-03-26T10:11:00Z,True,True,3.43
2784474,,54198,47351,best-of-1,2025-04-21T20:48:00Z,True,True,3.43
2719605,,52606,369,best-of-5,2024-08-05T10:10:00Z,True,True,3.17
2682787,,3483,47558,best-of-3,2024-07-27T09:35:00Z,True,True,3.11
2705962,,47922,47509,best-of-3,2024-07-16T09:11:00Z,True,True,3.17
2618862,,47499,340,best-of-1,2024-02-04T21:04:00Z,True,True,3.2
2825353,,52822,375,best-of-3,2025-08-09T09:54:00Z,True,True,3.47
2833792,,53168,47376,best-of-5,2025-09-15T15:01:10.688Z,True,True,3.47
2671107,,106,53168,best-of-1,2024-06-29T15:52:00Z,True,True,3.8
2852002,,52905,20483,best-of-5,2025-09-12T09:06:00Z,True,True,3.47
2825095,,48173,47389,best-of-3,2025-08-09T15:03:17.926Z,True,True,3.47
2689919,,47499,47497,best-of-5,2024-08-30T20:01:00Z,True,True,3.16
2687004,,52905,47472,best-of-3,2024-06-14T11:09:00Z,True,True,3.17
2782471,,407,52817,best-of-3,2025-05-17T08:57:00Z,True,True,3.44
2852517,,375,356,best-of-5,2025-09-15T09:05:00Z,True,True,3.47
2754347,,4035,47558,best-of-3,2025-01-19T08:28:00Z,True,True,3.30
2825304,,52822,47514,best-of-3,2025-07-19T09:10:00Z,True,True,3.47
2705935,,20483,368,best-of-3,2024-07-08T11:10:00Z,True,True,3.10
2618423,,53168,52661,best-of-1,2024-01-14T16:31:00Z,True,True,3.1
2686992,,375,52726,best-of-3,2024-06-07T11:11:00Z,True,True,3.5
2788247,,47514,20483,best-of-3,2025-05-09T09:14:00Z,True,True,3.44
2783958,,47389,3389,best-of-1,2025-04-12T18:48:00Z,True,True,3.43
2796170,,54198,47363,best-of-3,2025-04-26T21:59:00Z,True,True,3.43
2706026,,20483,52726,best-of-3,2024-07-28T09:09:00Z,True,True,3.17
2847257,,47494,48179,best-of-5,2025-09-10T08:03:54.918Z,True,True,3.47
2660038,,47435,52661,best-of-3,2024-03-31T15:01:00Z,True,True,3.4
2780948,,368,52796,best-of-1,2025-03-23T12:58:00Z,True,True,3.43
2682744,,3483,47494,best-of-3,2024-06-21T10:30:00Z,True,True,3.7
2782426,,47961,406,best-of-3,2025-04-17T07:59:00Z,True,True,3.43
2788181,,20483,356,best-of-3,2025-04-10T11:26:00Z,True,True,3.43
2632461,,47619,53168,best-of-3,2024-02-10T18:46:00Z,True,True,3.2
2825312,,52910,47472,best-of-3,2025-07-22T12:02:00Z,True,True,3.47
2788251,,52910,356,best-of-3,2025-05-10T12:29:00Z,True,True,3.44
2686984,,52822,47472,best-of-3,2024-06-03T11:10:00Z,True,True,3.17
2618435,,47380,47619,best-of-1,2024-01-20T18:00:00Z,True,True,3.1
2723684,,47558,406,best-of-5,2024-09-08T06:23:00Z,True,True,3.16
2759922,,47376,47370,best-of-1,2025-01-19T21:15:00Z,True,True,3.30
2847241,,52747,52817,best-of-5,2025-09-03T08:01:52.918Z,True,True,3.47
2706030,,52905,368,best-of-3,2024-07-30T09:12:00Z,True,True,3.17
2788178,,52910,52796,best-of-3,2025-04-09T12:39:00Z,True,True,3.43
2788197,,356,52910,best-of-3,2025-04-17T09:19:00Z,True,True,3.43
2782430,,52817,47558,best-of-3,2025-04-19T05:59:00Z,True,True,3.43
2682752,,48179,52747,best-of-3,2024-06-27T08:00:00Z,True,True,3.8
2825345,,52796,356,best-of-3,2025-08-06T09:10:00Z,True,True,3.47
2618874,,47351,340,best-of-1,2024-03-02T22:03:00Z,True,True,3.2
2705974,,369,52910,best-of-3,2024-07-20T07:13:00Z,True,True,3.11
2618462,,52661,53165,best-of-1,2024-01-29T17:02:00Z,True,True,3.2
2788206,,52822,52796,best-of-3,2025-04-21T09:19:00Z,True,True,3.44
2796218,,340,47351,best-of-5,2025-06-07T20:00:25.111Z,True,True,3.45
2671111,,47370,353,best-of-1,2024-06-30T15:03:00Z,True,True,3.8
2833784,,47619,47370,best-of-3,2025-08-26T15:03:33.254Z,True,True,3.47
2687012,,52910,356,best-of-3,2024-06-18T11:11:00Z,True,True,3.6
2782488,,47558,407,best-of-3,2025-05-29T11:48:00Z,True,True,3.44
2754351,,52747,406,best-of-3,2025-01-23T10:28:00Z,True,True,3.35
2748722,,106,353,best-of-1,2025-02-02T17:03:00Z,True,True,3.38
2782467,,47494,52817,best-of-3,2025-05-15T11:13:00Z,True,True,3.44
